patient_id,prec_window,start_time,end_time,proba,pred
102,0,8.375,34.56,0.43808645,1
102,1,35.025,61.105,0.49694398,1
102,2,61.49,86.235,0.54531354,1
102,3,86.65,113.0,0.59535545,1
102,4,113.445,140.37,0.64900917,1
102,5,140.925,166.59,0.6088023,1
102,6,167.005,194.335,0.6547621,1
102,7,194.81,226.225,0.7795929,1
102,8,226.695,258.745,0.8739576,1
102,9,259.225,292.39,0.9206169,1
102,10,293.08,323.415,0.8592737,1
102,11,323.88,350.5,0.8435172,1
102,12,350.935,377.55,0.79314345,1
102,13,378.04,406.74,0.8145504,1
102,14,407.35,437.895,0.85766816,1
102,15,438.45,467.245,0.83645886,1
102,16,467.695,496.345,0.84158814,1
102,17,496.76,525.39,0.8557049,1
102,18,525.955,553.64,0.8563633,1
102,19,554.16,581.615,0.8172495,1
102,20,582.175,608.94,0.7968206,1
102,21,609.37,635.125,0.79625154,1
102,22,635.535,661.855,0.78855395,1
102,23,662.27,690.24,0.7975716,1
102,24,690.685,718.375,0.7450192,1
102,25,718.81,750.44,0.8075879,1
102,26,750.92,781.455,0.8570302,1
102,27,782.1,813.775,0.89683884,1
102,28,814.36,845.06,0.92342573,1
102,29,845.485,876.28,0.9338584,1
102,30,876.72,907.745,0.9446459,1
102,31,908.275,938.67,0.94471216,1
102,32,939.11,967.775,0.9303966,1
102,33,968.295,995.09,0.9017746,1
102,34,995.51,1022.015,0.86563784,1
102,35,1022.465,1050.055,0.82096356,1
102,36,1050.495,1076.36,0.7881815,1
102,37,1076.765,1103.565,0.75956196,1
102,38,1104.065,1133.08,0.81513053,1
102,39,1133.535,1162.44,0.8476875,1
102,40,1162.89,1194.215,0.88777906,1
102,41,1194.695,1227.0,0.92522377,1
102,42,1227.425,1256.81,0.9262713,1
102,43,1257.255,1287.61,0.9388643,1
102,44,1288.025,1318.96,0.9328262,1
102,45,1319.345,1349.44,0.924185,1
102,46,1349.91,1379.245,0.864358,1
102,47,1379.685,1408.63,0.77282226,1
102,48,1409.12,1439.21,0.80537194,1
102,49,1439.67,1469.22,0.8181411,1
102,50,1469.735,1499.945,0.8592847,1
102,51,1500.405,1532.375,0.8694803,1
102,52,1532.8,1563.31,0.8918699,1
102,53,1563.735,1594.665,0.9198682,1
102,54,1595.335,1625.45,0.91157246,1
102,55,1625.92,1654.88,0.8998666,1
102,56,1655.34,1687.045,0.9121596,1
102,57,1687.745,1719.135,0.92105913,1
102,58,1719.78,1750.04,0.9285768,1
102,59,1750.56,1780.04,0.9180951,1
102,60,1780.48,1811.29,0.924009,1
102,61,1811.75,1843.12,0.9376052,1
102,62,1843.715,1875.61,0.94300246,1
102,63,1876.13,1907.925,0.943592,1
102,64,1908.39,1938.835,0.93686295,1
102,65,1939.345,1969.825,0.9385703,1
102,66,1970.58,2001.32,0.9404104,1
102,67,2001.88,2034.615,0.9453114,1
102,68,2035.1,2065.88,0.9402481,1
102,69,2066.36,2097.31,0.9393403,1
102,70,2097.965,2129.07,0.93954724,1
102,71,2129.575,2160.845,0.9416186,1
102,72,2161.345,2191.655,0.9428064,1
102,73,2192.15,2222.12,0.9243773,1
102,74,2222.745,2252.6,0.91876686,1
102,75,2253.07,2281.96,0.90304065,1
102,76,2282.505,2313.475,0.9001701,1
102,77,2313.895,2343.665,0.84103644,1
102,78,2344.105,2373.72,0.8528861,1
102,79,2374.225,2404.2,0.8946003,1
102,80,2404.72,2435.485,0.9112803,1
102,81,2435.99,2467.35,0.9289372,1
102,82,2467.87,2499.525,0.91912776,1
102,83,2499.99,2532.175,0.9378634,1
102,84,2532.71,2562.64,0.928519,1
102,85,2563.175,2593.425,0.9026037,1
102,86,2593.91,2625.63,0.9250213,1
102,87,2626.185,2657.47,0.9364133,1
102,88,2657.96,2688.49,0.9360837,1
102,89,2689.095,2719.46,0.93470746,1
102,90,2719.96,2752.065,0.9393821,1
102,91,2752.55,2785.575,0.95132416,1
102,92,2785.98,2816.905,0.95643187,1
102,93,2817.535,2848.455,0.95668054,1
102,94,2848.93,2881.285,0.960638,1
102,95,2881.83,2914.12,0.9635753,1
102,96,2914.615,2946.72,0.96583974,1
102,97,2947.115,2978.59,0.96006113,1
102,98,2979.145,3009.28,0.9456957,1
102,99,3009.705,3039.84,0.9431867,1
102,100,3040.32,3071.27,0.9359042,1
102,101,3071.76,3101.665,0.92775214,1
102,102,3102.15,3128.055,0.8933996,1
102,103,3128.44,3155.67,0.83622396,1
102,104,3156.145,3185.945,0.82200336,1
102,105,3186.435,3215.2,0.84949094,1
102,106,3215.67,3241.775,0.8531507,1
102,107,3242.16,3269.245,0.8114245,1
102,108,3269.69,3295.88,0.79823357,1
102,109,3296.34,3322.575,0.80505604,1
102,110,3322.965,3351.16,0.8390827,1
102,111,3351.575,3378.385,0.8174108,1
102,112,3378.75,3407.795,0.8361808,1
102,113,3408.375,3436.215,0.80165434,1
102,114,3436.655,3467.81,0.86075836,1
102,115,3468.255,3496.515,0.8630648,1
102,116,3497.005,3525.28,0.85560054,1
102,117,3525.755,3553.83,0.85621905,1
102,118,3554.305,3579.57,0.8210517,1
102,119,3579.985,3604.57,0.8266933,1
102,120,3604.935,3629.57,0.8313364,1
102,121,3629.985,3654.985,0.8540294,1
102,122,3655.51,3680.08,0.8472421,1
102,123,3680.425,3705.26,0.8544272,1
102,124,3705.685,3730.44,0.8650438,1
102,125,3730.825,3755.095,0.8345337,1
102,126,3755.57,3780.305,0.8565088,1
102,127,3780.655,3805.68,0.8439609,1
102,128,3806.07,3831.64,0.83107585,1
102,129,3832.085,3857.455,0.78893936,1
102,130,3857.865,3883.975,0.78181326,1
102,131,3884.455,3911.665,0.795348,1
102,132,3912.275,3938.645,0.66864884,1
102,133,3939.07,3963.375,0.6666078,1
102,134,3963.785,3987.235,0.7123899,1
102,135,3987.615,4011.105,0.72050655,1
102,136,4011.57,4034.055,0.74632996,1
102,137,4034.515,4057.745,0.7862164,1
102,138,4058.145,4080.455,0.83754706,1
102,139,4080.8,4104.035,0.8600903,1
102,140,4104.505,4127.355,0.8729383,1
102,141,4127.855,4151.3,0.8895908,1
102,142,4151.65,4174.77,0.8913302,1
102,143,4175.135,4198.165,0.87219936,1
102,144,4198.56,4222.895,0.87070626,1
102,145,4223.28,4246.09,0.8610831,1
102,146,4246.48,4268.63,0.8775576,1
102,147,4269.0,4293.08,0.8680754,1
102,148,4293.42,4315.685,0.8480636,1
102,149,4316.025,4338.335,0.7685403,1
102,150,4338.72,4362.175,0.7653518,1
102,151,4362.585,4385.39,0.7816646,1
102,152,4385.725,4408.685,0.8131338,1
102,153,4409.1,4431.355,0.8546121,1
102,154,4431.735,4454.48,0.88255095,1
102,155,4454.845,4478.325,0.91457146,1
102,156,4478.72,4502.005,0.8825228,1
102,157,4502.42,4526.68,0.8569706,1
102,158,4527.04,4552.585,0.8439218,1
102,159,4552.96,4580.51,0.8189632,1
102,160,4580.95,4607.615,0.78151715,1
102,161,4608.12,4633.655,0.76387715,1
102,162,4634.07,4660.735,0.76341784,1
102,163,4661.23,4688.02,0.7531253,1
102,164,4688.51,4714.935,0.74836844,1
102,165,4715.44,4742.935,0.76088446,1
102,166,4743.4,4771.395,0.77667195,1
102,167,4771.88,4797.215,0.76772755,1
102,168,4797.625,4821.455,0.815214,1
102,169,4821.98,4846.34,0.8385434,1
102,170,4846.695,4871.12,0.86919665,1
102,171,4871.48,4897.495,0.8681699,1
102,172,4897.91,4925.32,0.86471206,1
102,173,4925.885,4953.54,0.86046225,1
102,174,4953.96,4980.92,0.813287,1
102,175,4981.355,5005.23,0.83401424,1
102,176,5005.625,5029.73,0.824494,1
102,177,5030.145,5053.92,0.81921464,1
102,178,5054.295,5079.88,0.8199942,1
102,179,5080.425,5106.535,0.7909,1
102,180,5106.935,5132.005,0.82341284,1
102,181,5132.36,5158.63,0.7908454,1
102,182,5159.02,5186.995,0.8071004,1
102,183,5187.425,5216.575,0.83723235,1
102,184,5217.06,5246.405,0.81702965,1
102,185,5246.91,5276.185,0.82654077,1
102,186,5276.625,5305.605,0.825859,1
102,187,5306.015,5336.08,0.84543616,1
102,188,5336.535,5365.855,0.86677885,1
102,189,5366.305,5395.785,0.89262295,1
102,190,5396.225,5423.76,0.8733607,1
102,191,5424.41,5454.08,0.89677596,1
102,192,5454.565,5484.075,0.8988038,1
102,193,5484.52,5512.815,0.88997424,1
102,194,5513.32,5541.07,0.85532176,1
102,195,5541.76,5569.74,0.8349414,1
102,196,5570.215,5597.605,0.8180148,1
102,197,5598.07,5625.11,0.80240905,1
102,198,5625.455,5653.275,0.7578876,1
102,199,5653.715,5681.715,0.77090675,1
102,200,5682.25,5707.375,0.8036547,1
102,201,5707.8,5733.785,0.775031,1
102,202,5734.36,5762.715,0.8060643,1
102,203,5763.185,5791.86,0.7823163,1
102,204,5792.255,5820.91,0.80413145,1
102,205,5821.355,5849.055,0.78782266,1
102,206,5849.535,5879.03,0.81615764,1
102,207,5879.52,5908.175,0.853789,1
102,208,5908.605,5937.595,0.85150313,1
102,209,5938.025,5967.695,0.87665707,1
102,210,5968.135,5997.62,0.8951547,1
102,211,5998.21,6027.345,0.91082555,1
102,212,6027.79,6056.36,0.86948407,1
102,213,6056.785,6087.12,0.87842226,1
102,214,6087.845,6118.055,0.8939159,1
102,215,6118.59,6148.575,0.890353,1
102,216,6149.045,6179.42,0.87873733,1
102,217,6179.92,6208.28,0.87620306,1
102,218,6208.75,6236.485,0.8359225,1
102,219,6236.885,6262.975,0.8154619,1
102,220,6263.375,6290.11,0.78363824,1
102,221,6290.52,6317.28,0.7712698,1
102,222,6317.76,6345.84,0.74965626,1
102,223,6346.28,6371.455,0.75151336,1
102,224,6371.85,6399.19,0.78355676,1
102,225,6399.585,6426.09,0.7962275,1
102,226,6426.5,6452.21,0.8025863,1
102,227,6452.625,6479.11,0.8244315,1
102,228,6479.575,6506.84,0.79642755,1
102,229,6507.295,6533.44,0.78678143,1
102,230,6533.865,6561.4,0.7671501,1
102,231,6561.825,6589.465,0.78547335,1
102,232,6589.91,6615.465,0.82285935,1
102,233,6616.03,6643.385,0.80689394,1
102,234,6643.885,6670.785,0.7901422,1
102,235,6671.23,6697.255,0.7632535,1
102,236,6697.685,6722.91,0.7834015,1
102,237,6723.355,6750.465,0.7716916,1
102,238,6750.845,6776.35,0.7706176,1
102,239,6776.905,6804.99,0.7647815,1
102,240,6805.555,6832.125,0.7231994,1
102,241,6832.555,6857.895,0.6740507,1
102,242,6858.43,6883.885,0.6542144,1
102,243,6884.295,6913.07,0.7260641,1
102,244,6913.555,6942.155,0.74988395,1
102,245,6942.615,6968.785,0.7509675,1
102,246,6969.18,6996.645,0.81866175,1
102,247,6997.1,7026.4,0.86502355,1
102,248,7026.87,7055.485,0.883721,1
102,249,7055.93,7082.565,0.8369146,1
102,250,7083.005,7109.125,0.8085443,1
102,251,7109.815,7137.095,0.7660026,1
102,252,7137.51,7167.405,0.800418,1
102,253,7167.815,7197.125,0.83423376,1
102,254,7197.655,7224.64,0.8050127,1
102,255,7225.065,7251.715,0.798054,1
102,256,7252.215,7279.235,0.77011347,1
102,257,7279.64,7308.385,0.8005353,1
102,258,7308.99,7335.81,0.77640337,1
102,259,7336.2,7363.21,0.7547386,1
102,260,7363.635,7393.135,0.80456156,1
102,261,7393.575,7423.34,0.85051596,1
102,262,7423.765,7453.14,0.89020115,1
102,263,7453.545,7482.535,0.88636065,1
102,264,7483.015,7512.875,0.91031015,1
102,265,7513.255,7542.4,0.89913684,1
102,266,7542.88,7572.85,0.90381575,1
102,267,7573.265,7602.75,0.90939796,1
102,268,7603.23,7631.71,0.90175486,1
102,269,7632.275,7661.61,0.8988354,1
102,270,7662.065,7690.285,0.8736958,1
102,271,7690.905,7719.545,0.8837292,1
102,272,7720.065,7747.92,0.8578705,1
102,273,7748.36,7777.87,0.8540778,1
102,274,7778.465,7807.825,0.8638958,1
102,275,7808.375,7837.905,0.8703835,1
102,276,7838.4,7866.295,0.8435214,1
102,277,7866.745,7895.545,0.84690523,1
102,278,7896.01,7925.375,0.86549866,1
102,279,7925.75,7952.855,0.82932013,1
102,280,7953.235,7979.34,0.7903925,1
102,281,7979.825,8007.64,0.72602373,1
102,282,8008.08,8035.815,0.7614719,1
102,283,8036.43,8062.765,0.7335576,1
102,284,8063.385,8092.45,0.7255446,1
102,285,8092.99,8123.31,0.79347205,1
102,286,8123.775,8153.56,0.8275909,1
102,287,8153.94,8183.225,0.8349858,1
102,288,8183.685,8212.815,0.8509244,1
102,289,8213.295,8243.47,0.8784744,1
102,290,8244.01,8274.345,0.9190158,1
102,291,8274.88,8305.38,0.9244569,1
102,292,8305.895,8335.455,0.9313476,1
102,293,8335.87,8365.615,0.94242305,1
102,294,8366.05,8394.19,0.93099105,1
102,295,8394.64,8424.495,0.9277468,1
102,296,8424.97,8454.875,0.92252624,1
102,297,8455.325,8483.52,0.8691144,1
102,298,8483.985,8514.515,0.8905495,1
102,299,8514.98,8544.35,0.8962925,1
102,300,8544.885,8573.895,0.90002215,1
102,301,8574.32,8603.64,0.897973,1
102,302,8604.015,8632.43,0.8991337,1
102,303,8632.88,8662.345,0.9079739,1
102,304,8662.8,8690.605,0.87273216,1
102,305,8691.035,8718.92,0.8261244,1
102,306,8719.37,8750.385,0.85839415,1
102,307,8750.825,8779.365,0.80247015,1
102,308,8779.89,8810.25,0.8613884,1
102,309,8810.865,8842.775,0.8797861,1
102,310,8843.365,8873.805,0.8864103,1
102,311,8874.325,8905.0,0.90360606,1
102,312,8905.65,8936.505,0.9119506,1
102,313,8937.07,8968.545,0.9263486,1
102,314,8969.2,9000.02,0.9215013,1
102,315,9000.485,9031.56,0.9305467,1
102,316,9032.365,9063.28,0.93440086,1
102,317,9063.745,9095.74,0.9374731,1
102,318,9096.32,9128.56,0.94907665,1
102,319,9129.025,9158.97,0.9338403,1
102,320,9159.375,9190.745,0.9371699,1
102,321,9191.26,9222.46,0.935993,1
102,322,9222.925,9253.75,0.93587744,1
102,323,9254.31,9285.595,0.92512083,1
102,324,9286.225,9316.735,0.924316,1
102,325,9317.145,9343.28,0.90789986,1
102,326,9343.765,9371.065,0.8809193,1
102,327,9371.56,9399.095,0.8412411,1
102,328,9399.56,9429.055,0.84615844,1
102,329,9429.6,9458.56,0.841796,1
102,330,9459.055,9489.13,0.87400883,1
102,331,9489.59,9515.745,0.8756983,1
102,332,9516.195,9542.5,0.85009986,1
102,333,9542.985,9568.44,0.84065086,1
102,334,9568.87,9593.365,0.81564176,1
102,335,9593.87,9619.895,0.7895693,1
102,336,9620.395,9649.87,0.7950274,1
102,337,9650.535,9679.225,0.8137762,1
102,338,9679.72,9708.375,0.83811015,1
102,339,9708.95,9738.53,0.869166,1
102,340,9739.005,9768.285,0.8739838,1
102,341,9768.72,9798.01,0.89760596,1
102,342,9798.52,9826.735,0.8603014,1
102,343,9827.115,9855.625,0.842886,1
102,344,9856.065,9882.705,0.79290354,1
102,345,9883.11,9910.63,0.7654629,1
102,346,9911.09,9940.0,0.7501818,1
102,347,9940.475,9970.39,0.7935018,1
102,348,9970.975,10000.735,0.8380884,1
102,349,10001.205,10032.17,0.8717047,1
102,350,10032.545,10061.44,0.8345485,1
102,351,10061.895,10092.28,0.82935584,1
102,352,10092.725,10118.64,0.84296405,1
102,353,10119.08,10144.86,0.81592077,1
102,354,10145.285,10169.985,0.7946307,1
102,355,10170.43,10199.905,0.7805941,1
102,356,10200.495,10229.945,0.82867503,1
102,357,10230.365,10259.125,0.84671456,1
102,358,10259.575,10290.305,0.874325,1
102,359,10290.8,10324.52,0.91221315,1
102,360,10325.15,10357.015,0.93575037,1
102,361,10357.455,10390.22,0.9439603,1
102,362,10390.815,10420.74,0.92835957,1
102,363,10421.29,10449.335,0.92338365,1
102,364,10449.735,10474.99,0.8270829,1
102,365,10475.43,10500.655,0.79557794,1
102,366,10501.01,10526.365,0.7747696,1
102,367,10526.785,10554.525,0.78578395,1
102,368,10554.99,10583.135,0.7759874,1
102,369,10583.655,10614.59,0.831157,1
102,370,10615.05,10644.92,0.86441046,1
102,371,10645.43,10673.975,0.8677873,1
102,372,10674.43,10702.46,0.8773718,1
102,373,10702.92,10729.825,0.8402961,1
102,374,10730.365,10758.72,0.8242594,1
102,375,10759.19,10789.405,0.834932,1
102,376,10789.88,10818.575,0.7915846,1
102,377,10819.085,10847.715,0.81479055,1
102,378,10848.185,10875.495,0.7862715,1
102,379,10876.06,10904.335,0.740108,1
102,380,10904.765,10932.74,0.76448387,1
102,381,10933.28,10961.21,0.7891388,1
102,382,10961.64,10990.735,0.82955897,1
102,383,10991.275,11020.77,0.84370047,1
102,384,11021.23,11049.84,0.8471659,1
102,385,11050.23,11078.02,0.82953084,1
102,386,11078.56,11108.17,0.8348482,1
102,387,11108.66,11137.62,0.840512,1
102,388,11138.205,11168.535,0.865548,1
102,389,11168.96,11198.165,0.8340165,1
102,390,11198.63,11228.35,0.8502774,1
102,391,11228.86,11259.09,0.87884617,1
102,392,11259.72,11289.845,0.8884767,1
102,393,11290.31,11320.45,0.89390844,1
102,394,11320.825,11350.99,0.9126801,1
102,395,11351.7,11380.79,0.91525674,1
102,396,11381.27,11411.2,0.91243106,1
102,397,11411.695,11440.425,0.8980935,1
102,398,11440.905,11468.46,0.8663571,1
102,399,11469.025,11496.72,0.8154232,1
102,400,11497.13,11524.18,0.7742127,1
102,401,11524.75,11553.445,0.7821346,1
102,402,11554.12,11581.67,0.7277023,1
102,403,11582.105,11610.405,0.7570187,1
102,404,11610.895,11639.2,0.80614305,1
102,405,11639.845,11670.845,0.872123,1
102,406,11671.46,11702.36,0.90221244,1
102,407,11702.88,11732.395,0.8664431,1
102,408,11732.95,11761.49,0.8691886,1
102,409,11761.95,11788.965,0.8118245,1
102,410,11789.5,11817.705,0.7908622,1
102,411,11818.45,11847.51,0.71112037,1
102,412,11848.045,11878.0,0.72900015,1
102,413,11878.44,11908.245,0.7640233,1
102,414,11908.77,11938.665,0.7803266,1
102,415,11939.135,11967.75,0.78511494,1
102,416,11968.255,11997.015,0.7740855,1
102,417,11997.48,12028.31,0.86205274,1
102,418,12028.885,12058.13,0.8381313,1
102,419,12058.51,12086.72,0.82284296,1
102,420,12087.28,12115.35,0.7910677,1
102,421,12115.76,12144.575,0.7896114,1
102,422,12145.11,12174.26,0.8009988,1
102,423,12174.64,12203.685,0.7840508,1
102,424,12204.115,12232.425,0.77684647,1
102,425,12233.055,12261.66,0.7974425,1
102,426,12262.255,12290.325,0.81999266,1
102,427,12290.76,12318.415,0.81519055,1
102,428,12318.88,12346.95,0.81043875,1
102,429,12347.55,12374.735,0.78091836,1
102,430,12375.175,12404.295,0.76163733,1
102,431,12404.89,12435.695,0.803488,1
102,432,12436.175,12465.185,0.798447,1
102,433,12465.63,12494.8,0.8142473,1
102,434,12495.255,12521.44,0.7982544,1
102,435,12521.85,12549.96,0.82731277,1
102,436,12550.405,12575.075,0.85876137,1
102,437,12575.455,12599.99,0.8694944,1
102,438,12600.38,12625.9,0.84629875,1
102,439,12626.345,12650.45,0.83862764,1
102,440,12650.935,12675.625,0.8344595,1
102,441,12676.18,12702.815,0.8015758,1
102,442,12703.345,12731.345,0.8029538,1
102,443,12731.805,12758.155,0.7739584,1
102,444,12758.685,12787.84,0.7458139,1
102,445,12788.365,12815.655,0.75244313,1
102,446,12816.2,12843.04,0.7434284,1
102,447,12843.56,12870.08,0.7764655,1
102,448,12870.54,12898.425,0.7956946,1
102,449,12898.945,12927.78,0.81668586,1
102,450,12928.27,12956.625,0.86070985,1
102,451,12957.085,12985.175,0.8433789,1
102,452,12985.895,13012.965,0.81755877,1
102,453,13013.37,13041.495,0.7849255,1
102,454,13041.905,13070.59,0.79290664,1
102,455,13071.28,13098.575,0.734681,1
102,456,13098.995,13125.35,0.7233908,1
102,457,13125.735,13152.345,0.7309295,1
102,458,13152.81,13179.885,0.7436153,1
102,459,13180.25,13205.96,0.7363085,1
102,460,13206.36,13232.32,0.7567618,1
102,461,13232.695,13258.29,0.7745914,1
102,462,13258.83,13284.495,0.7512118,1
102,463,13284.92,13308.93,0.76935166,1
102,464,13309.35,13334.53,0.77610123,1
102,465,13334.935,13359.425,0.81710696,1
102,466,13359.8,13385.12,0.8247716,1
102,467,13385.495,13410.705,0.8387934,1
102,468,13411.085,13436.095,0.853881,1
102,469,13436.5,13461.96,0.86482596,1
102,470,13462.39,13486.72,0.8868195,1
102,471,13487.105,13513.15,0.87885845,1
102,472,13513.61,13539.1,0.8639506,1
102,473,13539.495,13565.415,0.83705556,1
102,474,13565.825,13589.855,0.84089506,1
102,475,13590.24,13614.985,0.8578866,1
102,476,13615.425,13640.625,0.83926046,1
102,477,13641.0,13664.77,0.84248483,1
102,478,13665.11,13689.48,0.84663147,1
102,479,13690.145,13715.62,0.8422743,1
102,480,13716.015,13741.025,0.8338765,1
102,481,13741.5,13765.705,0.8367173,1
102,482,13766.095,13790.905,0.83245564,1
102,483,13791.345,13816.425,0.8254591,1
102,484,13816.885,13841.855,0.8014382,1
102,485,13842.345,13867.535,0.80720234,1
102,486,13867.975,13891.78,0.84134257,1
102,487,13892.32,13917.08,0.85305285,1
102,488,13917.48,13943.05,0.8193157,1
102,489,13943.495,13968.35,0.8315717,1
102,490,13968.83,13994.25,0.83820665,1
102,491,13994.765,14019.875,0.8382617,1
102,492,14020.36,14045.505,0.7999958,1
102,493,14045.885,14071.48,0.77973706,1
102,494,14071.86,14097.75,0.7966324,1
102,495,14098.14,14121.98,0.8084262,1
102,496,14122.375,14147.72,0.8084429,1
102,497,14148.11,14174.37,0.8119249,1
102,498,14174.87,14202.23,0.7917629,1
102,499,14202.605,14228.17,0.7924366,1
102,500,14228.59,14254.395,0.7763907,1
102,501,14254.775,14280.05,0.7496659,1
102,502,14280.47,14304.985,0.7562935,1
102,503,14305.385,14330.96,0.7839926,1
102,504,14331.47,14356.55,0.7847525,1
102,505,14356.91,14382.23,0.7958448,1
102,506,14382.655,14407.985,0.77974737,1
102,507,14408.395,14432.625,0.79861903,1
102,508,14432.995,14457.27,0.8431566,1
102,509,14457.655,14483.505,0.8644017,1
102,510,14483.975,14509.73,0.8594173,1
102,511,14510.095,14536.6,0.7975752,1
102,512,14537.015,14563.12,0.7755048,1
102,513,14563.575,14587.84,0.7880951,1
102,514,14588.21,14612.435,0.7859464,1
102,515,14612.855,14638.385,0.7987372,1
102,516,14638.87,14663.615,0.79637694,1
102,517,14664.0,14691.98,0.8254724,1
102,518,14692.54,14717.425,0.83247095,1
102,519,14717.84,14743.585,0.792245,1
102,520,14744.11,14768.735,0.77975553,1
102,521,14769.13,14794.02,0.77556276,1
102,522,14794.415,14820.185,0.77548814,1
102,523,14820.57,14846.39,0.7404464,1
102,524,14846.77,14873.735,0.74097544,1
102,525,14874.205,14900.49,0.75949717,1
102,526,14900.935,14926.58,0.7103437,1
102,527,14926.96,14951.87,0.7384006,1
102,528,14952.505,14978.385,0.755034,1
102,529,14978.965,15004.735,0.7565276,1
102,530,15005.16,15031.7,0.7721806,1
102,531,15032.11,15058.615,0.73315316,1
102,532,15059.025,15085.865,0.72625005,1
102,533,15086.33,15111.375,0.7180026,1
102,534,15111.8,15136.6,0.72658485,1
102,535,15136.95,15163.175,0.740964,1
102,536,15163.6,15188.975,0.7546783,1
102,537,15189.37,15214.01,0.81627554,1
102,538,15214.43,15239.7,0.81466115,1
102,539,15240.345,15265.865,0.7888097,1
102,540,15266.26,15291.885,0.76233757,1
102,541,15292.26,15317.735,0.77193123,1
102,542,15318.14,15343.985,0.7609869,1
102,543,15344.385,15370.17,0.7167216,1
102,544,15370.56,15395.57,0.7373944,1
102,545,15396.08,15421.99,0.7563229,1
102,546,15422.51,15449.2,0.75390935,1
102,547,15449.6,15474.125,0.78627056,1
102,548,15474.505,15498.295,0.8173396,1
102,549,15498.7,15522.815,0.8458308,1
102,550,15523.15,15547.935,0.8335911,1
102,551,15548.295,15573.56,0.8003591,1
102,552,15573.98,15598.055,0.8508942,1
102,553,15598.415,15623.48,0.8401307,1
102,554,15623.92,15651.28,0.8157015,1
102,555,15651.7,15679.32,0.7986511,1
102,556,15679.8,15706.2,0.80027145,1
102,557,15706.63,15731.775,0.7809881,1
102,558,15732.135,15757.56,0.76893663,1
102,559,15757.96,15783.345,0.7743845,1
102,560,15783.72,15811.455,0.79221314,1
102,561,15811.935,15837.825,0.8094709,1
102,562,15838.21,15864.025,0.8124343,1
102,563,15864.41,15888.49,0.83403784,1
102,564,15888.945,15913.825,0.8296683,1
102,565,15914.32,15938.35,0.8301411,1
102,566,15938.92,15965.12,0.78695273,1
102,567,15965.56,15990.985,0.7973661,1
102,568,15991.445,16019.495,0.80651015,1
102,569,16019.925,16047.545,0.80969954,1
102,570,16048.055,16074.675,0.76339144,1
102,571,16075.07,16100.435,0.75458956,1
102,572,16100.83,16126.52,0.74406785,1
102,573,16126.985,16152.735,0.7282633,1
102,574,16153.135,16178.88,0.71270144,1
102,575,16179.32,16204.06,0.75172967,1
102,576,16204.47,16228.805,0.7563755,1
102,577,16229.2,16254.665,0.7728082,1
102,578,16255.065,16282.26,0.7721193,1
102,579,16282.67,16309.535,0.7718909,1
102,580,16309.915,16334.885,0.7804878,1
102,581,16335.295,16360.08,0.8038954,1
102,582,16360.505,16386.19,0.7845639,1
102,583,16386.56,16411.225,0.8212719,1
102,584,16411.615,16438.055,0.8211313,1
102,585,16438.655,16463.645,0.80323786,1
102,586,16463.995,16491.085,0.78052074,1
102,587,16491.505,16517.44,0.7624038,1
102,588,16517.93,16543.67,0.7928395,1
102,589,16544.135,16570.115,0.79260343,1
102,590,16570.615,16595.76,0.7801334,1
102,591,16596.17,16623.615,0.8126137,1
102,592,16624.165,16649.14,0.8229133,1
102,593,16649.625,16676.645,0.7836695,1
102,594,16677.015,16703.185,0.76302165,1
102,595,16703.67,16728.57,0.7577203,1
102,596,16729.05,16754.8,0.71880996,1
102,597,16755.135,16778.935,0.7597263,1
102,598,16779.33,16805.55,0.7355,1
102,599,16805.96,16832.145,0.73563325,1
102,600,16832.64,16858.69,0.72372794,1
102,601,16859.05,16884.15,0.73259664,1
102,602,16884.535,16910.91,0.7497713,1
102,603,16911.32,16938.4,0.7677021,1
102,604,16938.92,16965.495,0.7491306,1
102,605,16965.905,16990.745,0.74034667,1
102,606,16991.09,17016.47,0.7761343,1
102,607,17016.845,17044.855,0.75570464,1
102,608,17045.45,17072.655,0.76217407,1
102,609,17073.0,17099.135,0.73520947,1
102,610,17099.65,17126.65,0.7419858,1
102,611,17127.115,17153.845,0.7479294,1
102,612,17154.245,17179.585,0.7578304,1
102,613,17179.99,17206.705,0.7749623,1
102,614,17207.085,17232.225,0.7837343,1
102,615,17232.745,17258.81,0.7982197,1
102,616,17259.23,17285.945,0.82415444,1
102,617,17286.33,17313.08,0.7698683,1
102,618,17313.435,17339.7,0.7529646,1
102,619,17340.09,17365.98,0.72574717,1
102,620,17366.415,17391.04,0.7304659,1
102,621,17391.545,17418.415,0.70816493,1
102,622,17419.0,17444.16,0.72048753,1
102,623,17444.56,17471.305,0.7439261,1
102,624,17471.86,17497.095,0.7525355,1
102,625,17497.585,17524.025,0.76523936,1
102,626,17524.415,17550.105,0.7798625,1
102,627,17550.5,17576.005,0.78691953,1
102,628,17576.415,17604.015,0.79250777,1
102,629,17604.47,17630.37,0.80251896,1
102,630,17630.75,17657.495,0.7992112,1
102,631,17657.855,17683.63,0.79687226,1
102,632,17683.965,17709.345,0.7813988,1
102,633,17709.71,17735.92,0.73900306,1
102,634,17736.35,17762.105,0.74714416,1
102,635,17762.49,17788.68,0.7115137,1
102,636,17789.15,17815.5,0.7401315,1
102,637,17815.945,17842.465,0.7501002,1
102,638,17842.825,17868.52,0.7394282,1
102,639,17868.885,17894.745,0.7379213,1
102,640,17895.17,17920.385,0.7638861,1
102,641,17920.785,17946.625,0.73662865,1
102,642,17947.1,17973.545,0.71190035,1
102,643,17973.92,17998.8,0.74962395,1
102,644,17999.275,18025.225,0.73271406,1
102,645,18025.58,18052.37,0.7046805,1
102,646,18052.76,18079.265,0.69354343,1
102,647,18079.69,18106.88,0.7232257,1
102,648,18107.275,18135.64,0.77311975,1
102,649,18136.0,18163.475,0.7199929,1
102,650,18163.935,18190.705,0.75505537,1
102,651,18191.16,18218.3,0.79259527,1
102,652,18218.705,18245.82,0.77108914,1
102,653,18246.24,18272.04,0.7686469,1
102,654,18272.44,18297.84,0.74481547,1
102,655,18298.265,18325.405,0.7476243,1
102,656,18325.775,18352.825,0.760189,1
102,657,18353.3,18378.725,0.75832146,1
102,658,18379.08,18404.525,0.7722589,1
102,659,18404.935,18430.93,0.7591739,1
102,660,18431.36,18456.96,0.77779573,1
102,661,18457.42,18484.32,0.78601503,1
102,662,18484.68,18511.19,0.7754542,1
102,663,18511.6,18537.75,0.75235707,1
102,664,18538.25,18565.73,0.7857787,1
102,665,18566.265,18592.595,0.72642785,1
102,666,18593.0,18620.215,0.7397987,1
102,667,18620.735,18647.275,0.73425704,1
102,668,18647.665,18674.18,0.7656497,1
102,669,18674.68,18699.745,0.78708243,1
102,670,18700.105,18727.67,0.8045572,1
102,671,18728.12,18755.43,0.81892097,1
102,672,18755.94,18782.445,0.8112004,1
102,673,18782.85,18809.79,0.77647734,1
102,674,18810.205,18838.77,0.79038376,1
102,675,18839.185,18866.86,0.75377476,1
102,676,18867.44,18895.5,0.7288042,1
102,677,18895.9,18921.96,0.73204416,1
102,678,18922.555,18949.175,0.66320896,1
102,679,18949.545,18976.435,0.6649591,1
102,680,18976.85,19004.095,0.6788606,1
102,681,19004.52,19031.625,0.6801101,1
102,682,19032.16,19058.905,0.6685953,1
102,683,19059.48,19085.805,0.68658555,1
102,684,19086.225,19112.37,0.72161734,1
102,685,19112.725,19139.135,0.7545468,1
102,686,19139.52,19166.29,0.7795858,1
102,687,19166.935,19195.15,0.80770147,1
102,688,19195.6,19223.975,0.8121589,1
102,689,19224.445,19250.92,0.7890963,1
102,690,19251.42,19279.21,0.82398397,1
102,691,19279.62,19306.405,0.8335526,1
102,692,19306.86,19333.055,0.8475977,1
102,693,19333.495,19360.985,0.84415513,1
102,694,19361.405,19388.845,0.85726666,1
102,695,19389.37,19415.785,0.83306366,1
102,696,19416.24,19443.335,0.7927374,1
102,697,19443.785,19471.65,0.72604084,1
102,698,19471.985,19500.355,0.719428,1
102,699,19500.8,19530.005,0.79743016,1
102,700,19530.455,19556.735,0.7867493,1
102,701,19557.24,19584.525,0.8105899,1
102,702,19584.945,19610.025,0.8136586,1
102,703,19610.455,19637.615,0.7993685,1
102,704,19638.04,19664.995,0.78981346,1
102,705,19665.44,19692.95,0.6991106,1
102,706,19693.525,19719.115,0.6726162,1
102,707,19719.495,19747.95,0.7215726,1
102,708,19748.36,19777.39,0.73266697,1
102,709,19777.93,19804.34,0.76072776,1
102,710,19804.92,19833.025,0.77552295,1
102,711,19833.46,19860.44,0.7856669,1
102,712,19860.83,19889.985,0.82164973,1
102,713,19890.45,19917.37,0.8101424,1
102,714,19917.825,19943.15,0.81848747,1
102,715,19943.695,19970.015,0.81833607,1
102,716,19970.34,19995.07,0.80715513,1
102,717,19995.435,20021.53,0.80849624,1
102,718,20021.925,20049.55,0.787216,1
102,719,20050.07,20078.345,0.8030624,1
102,720,20078.775,20105.535,0.761589,1
102,721,20105.97,20133.115,0.7519648,1
102,722,20133.48,20160.11,0.78686714,1
102,723,20160.505,20189.05,0.8193764,1
102,724,20189.515,20216.985,0.79428524,1
102,725,20217.43,20244.92,0.8012362,1
102,726,20245.295,20271.405,0.8034453,1
102,727,20271.815,20297.165,0.8056441,1
102,728,20297.635,20324.87,0.7894422,1
102,729,20325.27,20352.095,0.78641236,1
102,730,20352.585,20378.6,0.7822471,1
102,731,20379.04,20405.855,0.77219105,1
102,732,20406.245,20431.87,0.74463946,1
102,733,20432.38,20458.44,0.74834055,1
102,734,20458.88,20486.44,0.75948167,1
102,735,20486.835,20514.33,0.75985,1
102,736,20514.855,20542.115,0.7642675,1
102,737,20542.67,20570.71,0.78776497,1
102,738,20571.1,20597.905,0.79118115,1
102,739,20598.32,20624.455,0.7664465,1
102,740,20625.05,20652.75,0.7808503,1
102,741,20653.21,20680.48,0.7891355,1
102,742,20680.855,20707.43,0.8068033,1
102,743,20707.855,20732.175,0.812711,1
102,744,20732.55,20758.92,0.8078229,1
102,745,20759.29,20784.96,0.79004633,1
102,746,20785.39,20810.505,0.7701423,1
102,747,20810.86,20835.73,0.7736995,1
102,748,20836.165,20861.925,0.775363,1
102,749,20862.345,20888.21,0.7851956,1
102,750,20888.65,20913.73,0.7949439,1
102,751,20914.12,20940.95,0.78878623,1
102,752,20941.375,20966.08,0.795609,1
102,753,20966.47,20992.61,0.7658683,1
102,754,20993.02,21018.7,0.76704156,1
102,755,21019.135,21044.64,0.7765198,1
102,756,21045.04,21073.095,0.7747209,1
102,757,21073.48,21099.88,0.73751014,1
102,758,21100.295,21125.055,0.7641588,1
102,759,21125.44,21152.65,0.7573702,1
102,760,21153.095,21179.595,0.74796915,1
102,761,21180.09,21206.705,0.7445595,1
102,762,21207.105,21233.79,0.7208783,1
102,763,21234.23,21261.785,0.76973116,1
102,764,21262.44,21288.2,0.7676206,1
102,765,21288.7,21315.58,0.774254,1
102,766,21316.01,21342.36,0.79930145,1
102,767,21342.745,21368.24,0.7677911,1
102,768,21368.67,21394.91,0.7773976,1
102,769,21395.345,21421.16,0.7592565,1
102,770,21421.595,21447.735,0.7734749,1
102,771,21448.225,21475.395,0.7787683,1
102,772,21475.93,21503.76,0.7952879,1
102,773,21504.21,21527.935,0.83151984,1
102,774,21528.365,21554.27,0.82560074,1
102,775,21554.715,21581.0,0.804571,1
102,776,21581.59,21608.72,0.7969848,1
102,777,21609.25,21634.905,0.8025119,1
102,778,21635.32,21662.825,0.8061397,1
102,779,21663.265,21690.695,0.7743232,1
102,780,21691.215,21717.455,0.8026854,1
102,781,21717.895,21744.575,0.73372,1
102,782,21745.025,21772.75,0.74314004,1
102,783,21773.18,21801.505,0.7813672,1
102,784,21801.935,21826.84,0.78460443,1
102,785,21827.295,21850.71,0.82338136,1
102,786,21851.08,21874.805,0.82388943,1
102,787,21875.375,21898.445,0.8221166,1
102,788,21898.82,21924.165,0.8187389,1
102,789,21924.76,21953.43,0.8441144,1
102,790,21953.84,21981.905,0.7956716,1
102,791,21982.325,22010.39,0.8030009,1
102,792,22010.775,22036.66,0.8145599,1
102,793,22037.095,22065.01,0.83877707,1
102,794,22065.46,22091.76,0.80442184,1
102,795,22092.23,22119.065,0.7805316,1
102,796,22119.505,22145.685,0.776913,1
102,797,22146.175,22172.99,0.784426,1
102,798,22173.505,22202.07,0.78395194,1
102,799,22202.51,22228.615,0.7715639,1
102,800,22229.045,22254.695,0.79887,1
102,801,22255.095,22282.47,0.7589926,1
102,802,22282.83,22312.715,0.8324725,1
102,803,22313.2,22341.615,0.7835615,1
102,804,22341.99,22370.75,0.8011104,1
102,805,22371.27,22400.56,0.7821724,1
102,806,22400.99,22428.26,0.78948426,1
102,807,22428.825,22453.195,0.8063521,1
102,808,22453.805,22480.75,0.78872454,1
102,809,22481.16,22508.19,0.78426415,1
102,810,22508.575,22535.565,0.7808532,1
102,811,22536.03,22563.625,0.77516496,1
102,812,22564.115,22592.345,0.77645165,1
102,813,22592.84,22619.855,0.7846434,1
102,814,22620.335,22646.685,0.7705156,1
102,815,22647.32,22675.385,0.7491764,1
102,816,22675.84,22701.815,0.75984293,1
102,817,22702.24,22729.425,0.73110574,1
102,818,22729.875,22757.655,0.74397856,1
102,819,22758.065,22784.8,0.74048764,1
102,820,22785.2,22813.92,0.7789766,1
102,821,22814.35,22840.935,0.73938215,1
102,822,22841.335,22868.91,0.7305458,1
102,823,22869.43,22896.23,0.76604754,1
102,824,22896.64,22924.015,0.7577511,1
102,825,22924.52,22952.665,0.71830356,1
102,826,22953.095,22982.565,0.7671506,1
102,827,22982.97,23008.86,0.75616986,1
102,828,23009.265,23037.005,0.79531217,1
102,829,23037.425,23065.935,0.7793693,1
102,830,23066.48,23094.905,0.77167875,1
102,831,23095.37,23123.765,0.78965956,1
102,832,23124.405,23152.655,0.7912521,1
102,833,23153.075,23178.68,0.7971938,1
102,834,23179.06,23202.35,0.75430423,1
102,835,23202.735,23227.655,0.7608168,1
102,836,23228.05,23253.68,0.77493626,1
102,837,23254.255,23278.94,0.7799083,1
102,838,23279.32,23305.45,0.7972948,1
102,839,23305.935,23333.205,0.76122785,1
102,840,23333.645,23361.535,0.7722558,1
102,841,23362.16,23390.0,0.78878266,1
102,842,23390.475,23417.935,0.781948,1
102,843,23418.405,23445.88,0.7946648,1
102,844,23446.505,23471.925,0.77272487,1
102,845,23472.32,23497.145,0.7999667,1
102,846,23497.52,23521.695,0.809186,1
102,847,23522.14,23547.665,0.793616,1
102,848,23548.02,23572.76,0.8179983,1
102,849,23573.135,23597.05,0.82054484,1
102,850,23597.495,23620.77,0.84536594,1
102,851,23621.12,23645.425,0.83744425,1
102,852,23645.895,23672.345,0.8031785,1
102,853,23672.75,23699.11,0.7920362,1
102,854,23699.55,23726.215,0.78070575,1
102,855,23726.62,23752.46,0.78298634,1
102,856,23752.885,23779.925,0.7973775,1
102,857,23780.505,23807.225,0.78575456,1
102,858,23807.59,23832.355,0.80626595,1
102,859,23832.77,23857.3,0.81942755,1
102,860,23857.775,23881.925,0.851054,1
102,861,23882.35,23908.67,0.86439127,1
102,862,23909.07,23935.53,0.8550671,1
102,863,23935.945,23961.575,0.85766184,1
102,864,23961.95,23988.92,0.8551209,1
102,865,23989.375,24014.425,0.8395379,1
102,866,24014.805,24039.65,0.81449187,1
102,867,24040.085,24066.23,0.7878212,1
102,868,24066.64,24093.575,0.78096354,1
102,869,24094.065,24120.98,0.749924,1
102,870,24121.44,24148.175,0.77260745,1
102,871,24148.545,24174.315,0.76774114,1
102,872,24174.825,24200.83,0.77319986,1
102,873,24201.18,24226.48,0.76014173,1
102,874,24226.83,24251.33,0.77226996,1
102,875,24251.69,24276.535,0.7705876,1
102,876,24276.945,24303.4,0.7459705,1
102,877,24303.815,24329.43,0.74414486,1
102,878,24329.79,24355.76,0.7746943,1
102,879,24356.205,24383.01,0.78525746,1
102,880,24383.52,24409.105,0.76502895,1
102,881,24409.675,24434.985,0.7783374,1
102,882,24435.405,24460.15,0.80632216,1
102,883,24460.57,24485.92,0.80149925,1
102,884,24486.36,24511.28,0.8037107,1
102,885,24511.69,24538.615,0.8101019,1
102,886,24539.055,24564.545,0.82144433,1
102,887,24564.96,24589.745,0.82728875,1
102,888,24590.165,24616.84,0.779755,1
102,889,24617.425,24644.455,0.7393221,1
102,890,24644.905,24670.8,0.7414584,1
102,891,24671.255,24696.32,0.7251081,1
102,892,24696.66,24723.39,0.7453977,1
102,893,24723.985,24751.0,0.71077543,1
102,894,24751.48,24777.81,0.73043287,1
102,895,24778.2,24803.21,0.7811426,1
102,896,24803.58,24828.4,0.8260372,1
102,897,24829.0,24855.685,0.7811359,1
102,898,24856.11,24883.51,0.7837326,1
102,899,24883.96,24909.32,0.78608054,1
102,900,24909.675,24934.715,0.79861164,1
102,901,24935.19,24960.45,0.7876195,1
102,902,24961.0,24988.64,0.7615366,1
102,903,24989.025,25013.305,0.7988991,1
102,904,25013.675,25038.225,0.7946045,1
102,905,25038.64,25062.095,0.82267463,1
102,906,25062.495,25087.14,0.83475876,1
102,907,25087.52,25112.0,0.8408058,1
102,908,25112.435,25138.66,0.8404794,1
102,909,25139.065,25164.515,0.8411539,1
102,910,25164.965,25189.995,0.8445548,1
102,911,25190.44,25215.04,0.8206779,1
102,912,25215.44,25241.345,0.7942445,1
102,913,25241.735,25267.565,0.8010975,1
102,914,25267.96,25292.755,0.8267048,1
102,915,25293.175,25318.215,0.81391174,1
102,916,25318.55,25345.31,0.81404436,1
102,917,25345.675,25370.855,0.806013,1
102,918,25371.345,25397.645,0.8001356,1
102,919,25398.02,25424.11,0.7773945,1
102,920,25424.53,25451.265,0.7683821,1
102,921,25451.68,25476.6,0.77973723,1
102,922,25477.17,25502.295,0.7871216,1
102,923,25502.75,25528.29,0.7465779,1
102,924,25528.66,25554.65,0.7680682,1
102,925,25555.015,25581.185,0.7898317,1
102,926,25581.585,25607.215,0.7848593,1
102,927,25607.6,25631.275,0.81028485,1
102,928,25631.665,25656.195,0.8140336,1
102,929,25656.565,25680.72,0.846169,1
102,930,25681.145,25706.54,0.8301844,1
102,931,25707.02,25732.455,0.81448317,1
102,932,25732.8,25757.925,0.8250176,1
102,933,25758.335,25782.68,0.8241585,1
102,934,25783.23,25807.32,0.82670486,1
102,935,25807.665,25832.05,0.82434016,1
102,936,25832.42,25856.855,0.84129524,1
102,937,25857.22,25882.01,0.8511026,1
102,938,25882.585,25906.78,0.86840093,1
102,939,25907.16,25931.55,0.8669061,1
102,940,25931.895,25956.23,0.8705191,1
102,941,25956.575,25979.875,0.88813025,1
102,942,25980.265,26004.25,0.89234656,1
102,943,26004.655,26028.355,0.8981663,1
102,944,26028.955,26053.73,0.877976,1
102,945,26054.15,26078.56,0.87809145,1
102,946,26078.955,26103.92,0.87175757,1
102,947,26104.315,26128.55,0.858028,1
102,948,26128.925,26152.615,0.8630017,1
102,949,26152.935,26179.13,0.8604483,1
102,950,26179.525,26204.52,0.8343054,1
102,951,26205.005,26230.84,0.7907688,1
102,952,26231.35,26255.455,0.7632986,1
102,953,26255.835,26279.67,0.80004317,1
102,954,26280.05,26303.76,0.8220384,1
102,955,26304.11,26327.49,0.8578279,1
102,956,26327.85,26351.955,0.866246,1
102,957,26352.495,26377.065,0.86766076,1
102,958,26377.425,26401.095,0.88335425,1
102,959,26401.52,26426.575,0.86847246,1
102,960,26426.94,26451.55,0.8521975,1
102,961,26451.91,26475.65,0.8376214,1
102,962,26476.035,26499.1,0.8473077,1
102,963,26499.6,26523.825,0.85521466,1
102,964,26524.22,26547.095,0.85592777,1
102,965,26547.605,26571.705,0.8512685,1
102,966,26572.165,26595.69,0.8592223,1
102,967,26596.035,26619.55,0.8463144,1
102,968,26620.01,26643.55,0.85093755,1
102,969,26643.975,26667.105,0.8704357,1
102,970,26667.445,26690.555,0.89587235,1
102,971,26690.985,26714.64,0.8901821,1
102,972,26714.975,26739.15,0.9046619,1
102,973,26739.53,26761.94,0.9154025,1
102,974,26762.29,26787.52,0.91101956,1
102,975,26787.93,26811.94,0.902025,1
102,976,26812.345,26838.105,0.88453615,1
102,977,26838.72,26864.49,0.8703284,1
102,978,26864.825,26886.675,0.87633735,1
102,979,26887.03,26909.565,0.88704616,1
102,980,26909.94,26934.05,0.88420475,1
102,981,26934.39,26957.175,0.89284337,1
102,982,26957.56,26980.085,0.88104725,1
102,983,26980.505,27003.415,0.88885224,1
102,984,27003.795,27028.08,0.8785702,1
102,985,27028.43,27051.645,0.8861923,1
102,986,27052.11,27074.905,0.9025949,1
102,987,27075.32,27099.095,0.909815,1
102,988,27099.46,27124.34,0.88292783,1
102,989,27124.695,27148.52,0.87163305,1
102,990,27148.88,27171.59,0.88633966,1
102,991,27172.055,27196.47,0.86010945,1
102,992,27196.91,27221.61,0.85717094,1
102,993,27222.16,27245.14,0.8509542,1
102,994,27245.515,27269.825,0.8659631,1
102,995,27270.225,27295.055,0.85442376,1
102,996,27295.495,27320.22,0.85126334,1
102,997,27320.77,27344.0,0.8660083,1
102,998,27344.36,27368.64,0.85689634,1
102,999,27369.0,27393.095,0.8612292,1
102,1000,27393.51,27416.625,0.86033964,1
102,1001,27416.97,27440.61,0.87413377,1
102,1002,27441.11,27465.99,0.8594677,1
102,1003,27466.405,27491.28,0.8063822,1
102,1004,27491.615,27515.78,0.8209857,1
102,1005,27516.2,27539.5,0.8270595,1
102,1006,27539.855,27563.37,0.83224833,1
102,1007,27563.775,27588.59,0.82845426,1
102,1008,27589.025,27614.405,0.8353971,1
102,1009,27614.83,27637.9,0.8675552,1
102,1010,27638.55,27662.735,0.86313915,1
102,1011,27663.06,27687.48,0.847072,1
102,1012,27687.88,27711.52,0.8609038,1
102,1013,27711.905,27735.51,0.8656894,1
102,1014,27735.895,27759.83,0.87090325,1
102,1015,27760.355,27785.695,0.8562866,1
102,1016,27786.135,27811.08,0.8720105,1
102,1017,27811.405,27836.465,0.8725595,1
102,1018,27836.815,27859.715,0.87940365,1
102,1019,27860.215,27884.42,0.8859415,1
102,1020,27884.83,27908.56,0.8837238,1
102,1021,27908.945,27934.17,0.8839123,1
102,1022,27934.7,27960.685,0.88233143,1
102,1023,27961.12,27984.85,0.8937362,1
102,1024,27985.2,28010.425,0.8826253,1
102,1025,28011.0,28037.66,0.84984946,1
102,1026,28038.06,28062.95,0.8295866,1
102,1027,28063.375,28089.095,0.79753315,1
102,1028,28089.52,28114.03,0.7817783,1
102,1029,28114.385,28139.325,0.7742379,1
102,1030,28139.745,28165.64,0.7677642,1
102,1031,28166.07,28192.43,0.7722148,1
102,1032,28193.05,28219.12,0.7573256,1
102,1033,28219.475,28245.2,0.7475479,1
102,1034,28245.62,28271.055,0.73981893,1
102,1035,28271.455,28296.41,0.7464548,1
102,1036,28296.83,28321.02,0.7883039,1
102,1037,28321.455,28346.745,0.8104096,1
102,1038,28347.195,28371.665,0.81966007,1
102,1039,28372.09,28395.955,0.8546377,1
102,1040,28396.545,28422.225,0.8446855,1
102,1041,28422.76,28448.03,0.84345776,1
102,1042,28448.425,28474.38,0.84943074,1
102,1043,28474.805,28502.065,0.8302539,1
102,1044,28502.46,28526.965,0.85766715,1
102,1045,28527.385,28551.665,0.8670672,1
102,1046,28552.105,28575.53,0.8718049,1
102,1047,28575.955,28598.59,0.8992991,1
102,1048,28598.995,28621.465,0.913802,1
102,1049,28621.845,28644.65,0.91729003,1
102,1050,28645.05,28668.02,0.9147201,1
102,1051,28668.4,28690.71,0.90881675,1
102,1052,28691.06,28714.8,0.9005946,1
102,1053,28715.175,28739.49,0.8740059,1
102,1054,28739.925,28764.16,0.8800507,1
102,1055,28764.56,28791.58,0.81110257,1
102,1056,28792.045,28817.36,0.7828097,1
102,1057,28817.745,28841.04,0.81064665,1
102,1058,28841.44,28866.8,0.788753,1
102,1059,28867.175,28890.465,0.8177504,1
102,1060,28890.83,28916.31,0.8215852,1
102,1061,28916.705,28942.02,0.84021395,1
102,1062,28942.445,28969.265,0.7946761,1
102,1063,28969.785,28997.23,0.77462745,1
102,1064,28997.71,29023.58,0.7504461,1
102,1065,29024.0,29050.135,0.75286597,1
102,1066,29050.585,29075.085,0.7795686,1
102,1067,29075.52,29099.225,0.81514144,1
102,1068,29099.6,29124.145,0.7875911,1
102,1069,29124.545,29149.36,0.7775252,1
102,1070,29149.75,29175.2,0.7469677,1
102,1071,29175.615,29201.285,0.74763966,1
102,1072,29201.695,29228.535,0.7481058,1
102,1073,29228.945,29254.08,0.74122447,1
102,1074,29254.5,29279.25,0.7678119,1
102,1075,29279.705,29304.565,0.7845181,1
102,1076,29305.03,29329.895,0.8220318,1
102,1077,29330.32,29354.99,0.83045936,1
102,1078,29355.345,29380.07,0.843386,1
102,1079,29380.415,29403.095,0.8666807,1
102,1080,29403.465,29425.26,0.88935727,1
102,1081,29425.59,29451.295,0.87761337,1
102,1082,29451.685,29477.075,0.8565251,1
102,1083,29477.43,29503.065,0.862577,1
102,1084,29503.585,29528.36,0.85124564,1
102,1085,29528.745,29553.455,0.84400433,1
102,1086,29553.98,29577.6,0.83870107,1
102,1087,29578.0,29600.985,0.8631441,1
102,1088,29601.505,29625.04,0.8272446,1
102,1089,29625.5,29648.425,0.85197735,1
102,1090,29648.81,29671.52,0.8564369,1
102,1091,29671.87,29694.165,0.8769318,1
102,1092,29694.55,29717.895,0.8801148,1
102,1093,29718.28,29743.255,0.8678391,1
102,1094,29743.775,29769.185,0.849681,1
102,1095,29769.52,29794.535,0.81672543,1
102,1096,29794.92,29819.6,0.80757415,1
102,1097,29820.01,29844.72,0.77673614,1
102,1098,29845.12,29871.08,0.75011015,1
102,1099,29871.51,29896.92,0.7390599,1
102,1100,29897.275,29921.975,0.77572453,1
102,1101,29922.335,29947.335,0.77267295,1
102,1102,29947.725,29972.83,0.7659367,1
102,1103,29973.24,29997.77,0.8222711,1
102,1104,29998.13,30022.395,0.8378398,1
102,1105,30022.775,30046.09,0.8099499,1
102,1106,30046.44,30070.385,0.8061186,1
102,1107,30070.845,30094.015,0.8455855,1
102,1108,30094.425,30118.2,0.8548281,1
102,1109,30118.595,30143.105,0.84699005,1
102,1110,30143.48,30167.735,0.8498014,1
102,1111,30168.175,30192.885,0.86296606,1
102,1112,30193.29,30218.865,0.8347538,1
102,1113,30219.245,30244.785,0.82751125,1
102,1114,30245.16,30271.455,0.80971503,1
102,1115,30271.835,30297.105,0.80243427,1
102,1116,30297.48,30323.49,0.78884566,1
102,1117,30323.85,30347.96,0.7980034,1
102,1118,30348.33,30371.91,0.83287716,1
102,1119,30372.335,30395.09,0.8714951,1
102,1120,30395.445,30418.36,0.8662176,1
102,1121,30418.77,30443.225,0.8566913,1
102,1122,30443.86,30468.63,0.84901303,1
102,1123,30469.085,30494.52,0.82220954,1
102,1124,30494.925,30520.56,0.81513685,1
102,1125,30520.98,30547.12,0.8038938,1
102,1126,30547.51,30573.495,0.77020395,1
102,1127,30573.905,30599.225,0.7534708,1
102,1128,30599.705,30625.59,0.78510296,1
102,1129,30626.07,30653.265,0.7919699,1
102,1130,30653.71,30679.92,0.7428297,1
102,1131,30680.4,30707.555,0.76236933,1
102,1132,30708.07,30733.855,0.7668806,1
102,1133,30734.25,30758.5,0.7855577,1
102,1134,30758.935,30785.495,0.78881603,1
102,1135,30785.945,30814.015,0.8055356,1
102,1136,30814.4,30840.43,0.8010435,1
102,1137,30840.84,30866.695,0.7678989,1
102,1138,30867.115,30894.745,0.74893975,1
102,1139,30895.12,30919.92,0.7883854,1
102,1140,30920.295,30945.385,0.81717217,1
102,1141,30945.76,30970.57,0.79305005,1
102,1142,30971.0,30996.52,0.8082113,1
102,1143,30996.95,31024.295,0.8251397,1
102,1144,31024.76,31054.55,0.86010945,1
102,1145,31055.04,31083.8,0.83017373,1
102,1146,31084.265,31110.775,0.77807987,1
102,1147,31111.21,31140.68,0.82914543,1
102,1148,31141.12,31168.925,0.80581695,1
102,1149,31169.415,31197.64,0.83493125,1
102,1150,31198.04,31225.61,0.7977888,1
102,1151,31226.135,31256.415,0.8421812,1
102,1152,31256.81,31283.85,0.8155266,1
102,1153,31284.5,31313.26,0.7747932,1
102,1154,31313.67,31343.055,0.81539524,1
102,1155,31343.71,31371.565,0.79800224,1
102,1156,31372.06,31400.23,0.79922175,1
102,1157,31400.71,31430.175,0.80658436,1
102,1158,31430.575,31460.905,0.84138846,1
102,1159,31461.305,31488.83,0.84715533,1
102,1160,31489.315,31515.565,0.81906325,1
102,1161,31516.135,31545.31,0.78074515,1
102,1162,31545.79,31575.86,0.8318875,1
102,1163,31576.385,31606.07,0.8500164,1
102,1164,31606.515,31632.15,0.82748675,1
102,1165,31632.51,31660.37,0.8134888,1
102,1166,31660.8,31691.065,0.85411394,1
102,1167,31691.49,31722.77,0.89946365,1
102,1168,31723.335,31751.845,0.90599656,1
102,1169,31752.305,31780.985,0.9028084,1
102,1170,31781.465,31810.135,0.8556533,1
102,1171,31810.72,31838.58,0.8423781,1
102,1172,31839.09,31867.825,0.81028533,1
102,1173,31868.195,31897.995,0.8256645,1
102,1174,31898.445,31928.465,0.8353537,1
102,1175,31928.895,31957.275,0.81040895,1
102,1176,31957.81,31986.31,0.840868,1
102,1177,31986.93,32016.65,0.8847153,1
102,1178,32017.2,32046.97,0.8865212,1
102,1179,32047.41,32078.665,0.9074984,1
102,1180,32079.255,32110.765,0.9158797,1
102,1181,32111.37,32141.36,0.8983331,1
102,1182,32142.005,32172.36,0.89626855,1
102,1183,32173.02,32204.295,0.8903295,1
102,1184,32204.98,32235.6,0.9021538,1
102,1185,32236.145,32264.25,0.902524,1
102,1186,32264.775,32294.84,0.9088172,1
102,1187,32295.285,32326.12,0.9256846,1
102,1188,32326.665,32356.815,0.93793577,1
102,1189,32357.215,32388.25,0.9423043,1
102,1190,32388.69,32419.645,0.947085,1
102,1191,32420.21,32450.455,0.9368956,1
102,1192,32451.19,32481.345,0.92406243,1
102,1193,32481.855,32511.49,0.92429084,1
102,1194,32511.96,32541.785,0.9075362,1
102,1195,32542.215,32575.12,0.92552453,1
102,1196,32575.525,32606.75,0.91914064,1
102,1197,32607.17,32637.53,0.9278052,1
102,1198,32638.15,32668.705,0.9127606,1
102,1199,32669.345,32699.85,0.91443753,1
102,1200,32700.255,32729.985,0.90309477,1
102,1201,32730.36,32761.77,0.9089893,1
102,1202,32762.465,32794.05,0.9242326,1
102,1203,32794.53,32825.31,0.9218463,1
102,1204,32825.775,32856.09,0.92417866,1
102,1205,32856.83,32888.935,0.92465675,1
102,1206,32889.375,32920.65,0.9417158,1
102,1207,32921.415,32952.175,0.9424104,1
102,1208,32952.66,32984.82,0.9436994,1
102,1209,32985.42,33015.795,0.93286115,1
102,1210,33016.215,33041.26,0.900419,1
102,1211,33041.67,33068.75,0.8596793,1
102,1212,33069.31,33094.425,0.8400104,1
102,1213,33094.8,33119.76,0.8295022,1
102,1214,33120.205,33145.55,0.7879001,1
102,1215,33146.065,33171.865,0.7700451,1
102,1216,33172.485,33205.2,0.82378864,1
102,1217,33205.665,33236.16,0.8558646,1
102,1218,33236.655,33268.345,0.88186014,1
102,1219,33268.87,33300.96,0.91778374,1
102,1220,33301.675,33332.865,0.93752337,1
102,1221,33333.55,33365.27,0.9537223,1
102,1222,33365.8,33394.815,0.9248087,1
102,1223,33395.24,33423.47,0.90587294,1
102,1224,33423.905,33451.51,0.8389188,1
102,1225,33451.955,33477.545,0.8191735,1
102,1226,33477.945,33502.175,0.79058814,1
102,1227,33502.525,33526.105,0.80773467,1
102,1228,33526.535,33551.765,0.77241653,1
102,1229,33552.14,33578.41,0.8061545,1
102,1230,33578.79,33604.335,0.8001324,1
102,1231,33604.68,33630.855,0.77976346,1
102,1232,33631.335,33657.37,0.76576525,1
102,1233,33657.735,33681.415,0.80166763,1
102,1234,33681.88,33708.14,0.7943798,1
102,1235,33708.64,33735.42,0.8145072,1
102,1236,33735.74,33759.855,0.8300748,1
102,1237,33760.285,33785.455,0.7952396,1
102,1238,33785.87,33809.735,0.8223236,1
102,1239,33810.15,33834.55,0.8152,1
102,1240,33834.985,33860.72,0.80906385,1
102,1241,33861.19,33887.395,0.8107858,1
102,1242,33887.825,33914.93,0.8212924,1
102,1243,33915.45,33943.36,0.8079277,1
102,1244,33943.84,33968.415,0.8276453,1
102,1245,33968.895,33996.53,0.8012224,1
102,1246,33996.965,34024.65,0.8090668,1
102,1247,34025.065,34055.225,0.83901185,1
102,1248,34055.655,34083.97,0.8129403,1
102,1249,34084.385,34114.64,0.85448325,1
102,1250,34115.075,34142.88,0.7935717,1
102,1251,34143.335,34169.165,0.795331,1
102,1252,34169.63,34195.27,0.7527774,1
102,1253,34195.66,34222.705,0.7672544,1
102,1254,34223.12,34248.4,0.7774458,1
102,1255,34248.8,34274.99,0.7454051,1
102,1256,34275.48,34301.49,0.75564575,1
102,1257,34301.88,34328.235,0.7056939,1
102,1258,34328.655,34356.585,0.7697519,1
102,1259,34357.025,34381.73,0.7947629,1
102,1260,34382.105,34406.585,0.80513734,1
102,1261,34406.975,34432.84,0.80425096,1
102,1262,34433.225,34458.585,0.7738728,1
102,1263,34459.015,34486.43,0.8006186,1
102,1264,34486.84,34511.375,0.8136634,1
102,1265,34511.77,34535.84,0.79260063,1
102,1266,34536.25,34561.97,0.766747,1
102,1267,34562.53,34587.92,0.75805885,1
102,1268,34588.335,34613.885,0.7609396,1
102,1269,34614.27,34640.47,0.7511728,1
102,1270,34640.865,34667.39,0.72272074,1
102,1271,34667.85,34694.975,0.7356021,1
102,1272,34695.43,34722.11,0.71150565,1
102,1273,34722.525,34748.0,0.7386009,1
102,1274,34748.455,34775.86,0.76038545,1
102,1275,34776.275,34801.56,0.7695247,1
102,1276,34802.025,34828.31,0.73714167,1
102,1277,34828.75,34856.915,0.7314601,1
102,1278,34857.51,34884.365,0.72260284,1
102,1279,34884.75,34910.935,0.7386695,1
102,1280,34911.34,34938.965,0.7865511,1
102,1281,34939.6,34969.705,0.8186426,1
102,1282,34970.31,34998.67,0.8507367,1
102,1283,34999.125,35027.05,0.8364171,1
102,1284,35027.49,35055.935,0.8518724,1
102,1285,35056.41,35086.425,0.87536967,1
102,1286,35087.07,35115.275,0.8654076,1
102,1287,35115.68,35145.655,0.87598985,1
102,1288,35146.135,35175.18,0.86326414,1
102,1289,35175.79,35205.095,0.86877143,1
102,1290,35205.565,35235.73,0.8780323,1
102,1291,35236.16,35266.885,0.88283557,1
102,1292,35267.32,35296.95,0.9070836,1
102,1293,35297.52,35326.875,0.9128126,1
102,1294,35327.32,35356.02,0.8972822,1
102,1295,35356.55,35385.94,0.8914948,1
102,1296,35386.375,35416.41,0.90477,1
102,1297,35416.84,35446.69,0.90901965,1
102,1298,35447.16,35477.485,0.90532434,1
102,1299,35477.945,35506.72,0.88631696,1
102,1300,35507.135,35537.965,0.9030483,1
102,1301,35538.425,35568.74,0.90886223,1
102,1302,35569.215,35600.925,0.92452186,1
102,1303,35601.535,35630.76,0.9144467,1
102,1304,35631.32,35659.05,0.90600413,1
102,1305,35659.43,35687.96,0.8944993,1
102,1306,35688.415,35714.32,0.8546637,1
102,1307,35714.76,35742.425,0.85133946,1
102,1308,35742.91,35771.46,0.7845653,1
102,1309,35772.025,35799.05,0.76255316,1
102,1310,35799.52,35824.985,0.76095253,1
102,1311,35825.375,35849.99,0.7481835,1
102,1312,35850.44,35878.665,0.7459822,1
102,1313,35879.135,35907.44,0.7299562,1
102,1314,35907.945,35936.985,0.8055976,1
102,1315,35937.585,35967.445,0.84486777,1
102,1316,35967.955,35996.77,0.83478796,1
102,1317,35997.19,36026.155,0.8394762,1
102,1318,36026.615,36055.055,0.83836335,1
102,1319,36055.585,36086.085,0.864267,1
102,1320,36086.585,36115.935,0.8323221,1
102,1321,36116.415,36146.45,0.8578068,1
102,1322,36147.005,36177.67,0.891523,1
102,1323,36178.175,36207.76,0.90450424,1
102,1324,36208.215,36240.23,0.90969604,1
102,1325,36240.705,36271.91,0.912151,1
102,1326,36272.49,36304.175,0.9276636,1
102,1327,36304.665,36335.535,0.9141311,1
102,1328,36335.925,36366.36,0.90817785,1
102,1329,36367.025,36397.73,0.91191065,1
102,1330,36398.285,36427.84,0.9013948,1
102,1331,36428.27,36460.505,0.92705506,1
102,1332,36461.005,36492.32,0.9346905,1
102,1333,36493.0,36525.44,0.94899493,1
102,1334,36525.965,36555.415,0.9403689,1
102,1335,36555.905,36586.4,0.9369762,1
102,1336,36586.875,36619.185,0.94319993,1
102,1337,36619.815,36650.785,0.949158,1
102,1338,36651.34,36682.31,0.93157434,1
102,1339,36682.77,36714.215,0.9348951,1
102,1340,36714.655,36745.545,0.91411275,1
102,1341,36746.225,36778.645,0.9195734,1
102,1342,36779.255,36811.78,0.93480784,1
102,1343,36812.31,36843.625,0.93391764,1
102,1344,36844.275,36874.68,0.9284271,1
102,1345,36875.18,36904.55,0.9236153,1
102,1346,36904.96,36933.725,0.9125613,1
102,1347,36934.15,36964.3,0.89075327,1
102,1348,36964.785,36995.135,0.8712534,1
102,1349,36995.575,37023.51,0.8566794,1
102,1350,37024.01,37054.87,0.88544905,1
102,1351,37055.41,37085.05,0.8995293,1
102,1352,37085.57,37117.255,0.91646487,1
102,1353,37117.895,37147.985,0.92092,1
102,1354,37148.6,37180.175,0.92160577,1
102,1355,37180.695,37212.33,0.9334174,1
102,1356,37212.84,37242.63,0.92410105,1
102,1357,37243.155,37273.545,0.92921466,1
102,1358,37273.91,37305.825,0.92657506,1
102,1359,37306.28,37335.12,0.9056532,1
102,1360,37335.56,37364.265,0.89089745,1
102,1361,37364.72,37395.615,0.890524,1
102,1362,37396.07,37426.66,0.8961312,1
102,1363,37427.16,37459.555,0.903916,1
102,1364,37460.035,37490.775,0.86909676,1
102,1365,37491.28,37522.485,0.87295854,1
102,1366,37522.92,37554.265,0.8976006,1
102,1367,37554.685,37586.24,0.9122151,1
102,1368,37586.735,37618.18,0.90081,1
102,1369,37618.65,37647.12,0.8792228,1
102,1370,37647.71,37680.73,0.9054388,1
102,1371,37681.32,37713.21,0.927834,1
102,1372,37713.64,37744.34,0.9290743,1
102,1373,37745.09,37776.825,0.93196887,1
102,1374,37777.225,37808.295,0.9269372,1
102,1375,37808.8,37839.3,0.9331522,1
102,1376,37839.99,37871.01,0.9163105,1
102,1377,37871.775,37902.76,0.91272753,1
102,1378,37903.215,37934.73,0.9111613,1
102,1379,37935.145,37965.165,0.9168289,1
102,1380,37965.665,37996.865,0.9236247,1
102,1381,37997.305,38026.095,0.8903221,1
102,1382,38026.52,38057.345,0.89071435,1
102,1383,38057.75,38087.415,0.8805534,1
102,1384,38088.03,38119.525,0.8938838,1
102,1385,38120.005,38152.305,0.901131,1
102,1386,38152.8,38183.43,0.91486925,1
102,1387,38183.92,38214.63,0.93190926,1
102,1388,38215.055,38244.375,0.8987518,1
102,1389,38245.14,38275.5,0.90381306,1
102,1390,38275.91,38308.025,0.9089588,1
102,1391,38308.695,38339.83,0.92587703,1
102,1392,38340.385,38369.855,0.8964995,1
102,1393,38370.54,38400.43,0.8978626,1
102,1394,38400.935,38431.325,0.9155625,1
102,1395,38431.8,38461.575,0.9138889,1
102,1396,38462.28,38491.95,0.8902985,1
102,1397,38492.385,38522.24,0.8748825,1
102,1398,38522.665,38554.175,0.90540767,1
102,1399,38554.605,38584.975,0.90874964,1
102,1400,38585.385,38616.755,0.9332502,1
102,1401,38617.33,38647.375,0.92204577,1
102,1402,38647.81,38678.64,0.9220578,1
102,1403,38679.145,38709.94,0.91582143,1
102,1404,38710.37,38740.735,0.91160715,1
102,1405,38741.2,38772.635,0.92230964,1
102,1406,38773.085,38803.53,0.91816723,1
102,1407,38803.985,38835.78,0.9264977,1
102,1408,38836.23,38867.96,0.93309796,1
102,1409,38868.555,38901.335,0.93931466,1
102,1410,38901.935,38934.515,0.95096195,1
102,1411,38935.025,38967.51,0.9451122,1
102,1412,38967.985,38998.07,0.9414927,1
102,1413,38998.55,39028.285,0.9246067,1
102,1414,39028.68,39060.535,0.93814194,1
102,1415,39061.01,39093.2,0.9471957,1
102,1416,39093.92,39126.46,0.951108,1
102,1417,39126.91,39159.64,0.9522909,1
102,1418,39160.14,39190.295,0.93643266,1
102,1419,39190.86,39221.75,0.9329136,1
102,1420,39222.315,39252.09,0.9184722,1
102,1421,39252.56,39282.815,0.91902214,1
102,1422,39283.385,39315.11,0.9253225,1
102,1423,39315.64,39349.41,0.94707114,1
102,1424,39350.115,39383.08,0.9437284,1
102,1425,39383.765,39416.025,0.94942486,1
102,1426,39416.71,39449.735,0.94979495,1
102,1427,39450.295,39483.08,0.9566782,1
102,1428,39483.575,39517.61,0.95090365,1
102,1429,39518.11,39551.79,0.9520908,1
102,1430,39552.45,39585.065,0.95162266,1
102,1431,39585.52,39617.83,0.95438164,1
102,1432,39618.255,39652.405,0.9518584,1
102,1433,39652.95,39685.225,0.9540514,1
102,1434,39685.76,39718.025,0.9509156,1
102,1435,39718.465,39751.025,0.9581345,1
102,1436,39751.48,39784.3,0.9631412,1
102,1437,39784.83,39815.905,0.9620386,1
102,1438,39816.35,39846.96,0.94254065,1
102,1439,39847.4,39879.215,0.92151684,1
102,1440,39879.705,39913.975,0.9245977,1
102,1441,39914.48,39946.385,0.92010695,1
102,1442,39947.0,39979.455,0.9367577,1
102,1443,39980.065,40014.72,0.9469952,1
102,1444,40015.365,40048.49,0.96120256,1
102,1445,40049.11,40081.065,0.9636009,1
102,1446,40081.52,40109.325,0.9367064,1
102,1447,40109.79,40136.26,0.88947445,1
102,1448,40136.71,40162.615,0.85997677,1
102,1449,40162.97,40189.495,0.8022378,1
102,1450,40189.945,40219.01,0.79354274,1
102,1451,40219.44,40248.77,0.7800808,1
102,1452,40249.14,40280.275,0.80449045,1
102,1453,40280.765,40313.125,0.86553866,1
102,1454,40313.615,40344.0,0.89412135,1
102,1455,40344.655,40378.27,0.8988355,1
102,1456,40378.76,40412.075,0.9222449,1
102,1457,40412.5,40446.465,0.94868296,1
102,1458,40446.925,40482.16,0.9601994,1
102,1459,40483.07,40515.62,0.9600862,1
102,1460,40516.085,40548.425,0.9631781,1
102,1461,40549.145,40582.175,0.9665221,1
102,1462,40582.59,40614.96,0.9633788,1
102,1463,40615.425,40646.79,0.959586,1
102,1464,40647.295,40678.59,0.9577627,1
102,1465,40679.04,40712.04,0.95663285,1
102,1466,40712.495,40744.64,0.9545017,1
102,1467,40745.39,40776.375,0.959032,1
102,1468,40777.105,40810.485,0.9594787,1
102,1469,40810.965,40843.075,0.9570609,1
102,1470,40843.615,40876.155,0.95914197,1
102,1471,40876.72,40908.66,0.96211445,1
102,1472,40909.145,40940.605,0.94737464,1
102,1473,40941.125,40972.46,0.94648325,1
102,1474,40973.005,41004.245,0.937518,1
102,1475,41004.69,41036.22,0.93465304,1
102,1476,41036.67,41068.295,0.92529047,1
102,1477,41068.945,41102.2,0.9268237,1
102,1478,41102.705,41133.625,0.92519814,1
102,1479,41134.335,41164.25,0.921517,1
102,1480,41164.735,41196.88,0.9313502,1
102,1481,41197.35,41228.04,0.8911443,1
102,1482,41228.525,41262.055,0.9077377,1
102,1483,41262.72,41295.185,0.91899675,1
102,1484,41295.64,41327.93,0.9261308,1
102,1485,41328.415,41360.62,0.9354857,1
102,1486,41361.39,41393.655,0.9354124,1
102,1487,41394.12,41428.87,0.9459726,1
102,1488,41429.785,41463.64,0.95111233,1
102,1489,41464.135,41497.945,0.95537865,1
102,1490,41498.83,41531.8,0.95850086,1
102,1491,41532.29,41564.765,0.9570859,1
102,1492,41565.215,41598.43,0.95927864,1
102,1493,41599.175,41632.11,0.9616029,1
102,1494,41632.78,41666.365,0.95960623,1
102,1495,41667.06,41701.405,0.9504827,1
102,1496,41702.115,41735.92,0.9434934,1
102,1497,41736.425,41770.935,0.9465613,1
102,1498,41771.375,41806.415,0.95462185,1
102,1499,41806.925,41840.665,0.96065176,1
102,1500,41841.335,41874.925,0.95896935,1
102,1501,41875.615,41910.56,0.9664825,1
102,1502,41911.0,41945.445,0.9632096,1
102,1503,41945.945,41981.61,0.8105052,1
102,1504,41982.135,42015.805,0.798927,1
102,1505,42016.255,42049.815,0.82988244,1
102,1506,42050.25,42084.09,0.8570545,1
102,1507,42084.6,42119.24,0.8951817,1
102,1508,42119.815,42154.36,0.91996473,1
102,1509,42154.93,42190.99,0.94546014,1
102,1510,42191.5,42225.175,0.95264536,1
102,1511,42225.615,42259.775,0.9525072,1
102,1512,42260.47,42296.2,0.9585449,1
102,1513,42296.925,42331.135,0.9649298,1
102,1514,42331.955,42366.885,0.9642321,1
102,1515,42367.385,42400.865,0.96225345,1
102,1516,42401.735,42435.865,0.9597867,1
102,1517,42436.34,42470.12,0.95906323,1
102,1518,42470.785,42503.9,0.9650115,1
102,1519,42504.55,42538.465,0.9620108,1
102,1520,42538.97,42571.625,0.96265286,1
102,1521,42572.28,42606.69,0.95554537,1
102,1522,42607.205,42642.655,0.9570908,1
102,1523,42643.3,42676.635,0.95768523,1
102,1524,42677.15,42710.79,0.96022147,1
102,1525,42711.385,42745.43,0.9599516,1
102,1526,42745.935,42779.58,0.95462763,1
102,1527,42780.09,42814.425,0.9569185,1
102,1528,42815.095,42847.755,0.9560605,1
102,1529,42848.275,42882.07,0.9537166,1
102,1530,42882.545,42914.97,0.96134955,1
102,1531,42915.455,42949.75,0.96414906,1
102,1532,42950.28,42984.2,0.9629299,1
102,1533,42984.77,43019.405,0.9579254,1
102,1534,43019.91,43053.585,0.96097755,1
102,1535,43054.055,43088.305,0.9630619,1
102,1536,43088.865,43124.505,0.9614901,1
102,1537,43125.155,43158.355,0.96351814,1
102,1538,43158.865,43191.615,0.9564818,1
102,1539,43192.05,43225.265,0.9582097,1
102,1540,43226.025,43259.735,0.9598377,1
102,1541,43260.46,43293.84,0.95887506,1
102,1542,43294.33,43327.105,0.954092,1
102,1543,43327.72,43361.025,0.95327306,1
102,1544,43361.535,43393.725,0.95261264,1
102,1545,43394.295,43427.31,0.9562412,1
102,1546,43427.81,43460.9,0.96038353,1
102,1547,43461.38,43493.375,0.9592944,1
102,1548,43494.075,43525.8,0.95857114,1
102,1549,43526.465,43558.35,0.9501369,1
102,1550,43558.84,43590.265,0.9298109,1
102,1551,43591.0,43621.92,0.89235127,1
102,1552,43622.36,43654.8,0.8871673,1
102,1553,43655.23,43686.795,0.9016033,1
102,1554,43687.175,43720.175,0.920135,1
102,1555,43720.865,43752.375,0.9413341,1
102,1556,43752.975,43784.74,0.93940955,1
102,1557,43785.255,43817.68,0.94663095,1
102,1558,43818.105,43849.795,0.9408232,1
102,1559,43850.415,43881.405,0.9365659,1
102,1560,43881.865,43914.09,0.94033694,1
102,1561,43914.6,43944.775,0.9418887,1
102,1562,43945.295,43977.2,0.95003426,1
102,1563,43977.655,44008.56,0.9413547,1
102,1564,44008.96,44039.71,0.93385196,1
102,1565,44040.385,44071.55,0.9361414,1
102,1566,44072.19,44102.84,0.9362885,1
102,1567,44103.31,44133.67,0.9330242,1
102,1568,44134.08,44164.345,0.92138267,1
102,1569,44164.765,44194.8,0.8975207,1
102,1570,44195.28,44225.855,0.8781494,1
102,1571,44226.255,44258.245,0.9012752,1
102,1572,44258.775,44291.67,0.9284367,1
102,1573,44292.33,44321.63,0.90494704,1
102,1574,44322.16,44353.8,0.93338263,1
102,1575,44354.745,44387.875,0.9416858,1
102,1576,44388.495,44421.4,0.95023704,1
102,1577,44421.97,44453.945,0.95271105,1
102,1578,44454.39,44486.31,0.9562258,1
102,1579,44486.72,44519.48,0.96067053,1
102,1580,44519.95,44551.52,0.95041186,1
102,1581,44551.95,44584.0,0.93988186,1
102,1582,44584.43,44615.815,0.94106907,1
102,1583,44616.455,44647.065,0.93074393,1
102,1584,44647.715,44679.615,0.9362703,1
102,1585,44680.1,44712.705,0.93976116,1
102,1586,44713.51,44745.65,0.9500628,1
102,1587,44746.125,44778.845,0.95739186,1
102,1588,44779.33,44810.355,0.9585772,1
102,1589,44810.855,44842.63,0.96284443,1
102,1590,44843.48,44871.01,0.9193991,1
102,1591,44871.425,44896.68,0.8937457,1
102,1592,44897.08,44924.635,0.84919214,1
102,1593,44925.065,44956.11,0.8452862,1
102,1594,44956.505,44987.66,0.86348385,1
102,1595,44988.1,45018.91,0.8805988,1
102,1596,45019.345,45048.61,0.88335425,1
102,1597,45049.32,45079.375,0.9032649,1
102,1598,45079.95,45108.995,0.86946833,1
102,1599,45109.64,45137.585,0.80323595,1
102,1600,45138.075,45166.77,0.79362476,1
102,1601,45167.27,45197.2,0.82924324,1
102,1602,45197.625,45227.845,0.8453761,1
102,1603,45228.33,45259.095,0.86925125,1
102,1604,45259.495,45289.655,0.8801634,1
102,1605,45290.12,45319.69,0.89436084,1
102,1606,45320.15,45349.95,0.89250654,1
102,1607,45350.4,45379.095,0.870176,1
102,1608,45379.535,45408.23,0.87353015,1
102,1609,45408.71,45437.93,0.83166325,1
102,1610,45438.35,45467.76,0.8666597,1
102,1611,45468.205,45497.715,0.8833868,1
102,1612,45498.205,45528.345,0.89851195,1
102,1613,45528.785,45559.105,0.89905894,1
102,1614,45559.68,45588.16,0.8598936,1
102,1615,45588.685,45615.295,0.84108526,1
102,1616,45615.77,45640.775,0.81194884,1
102,1617,45641.175,45665.72,0.78041416,1
102,1618,45666.175,45691.56,0.7617124,1
102,1619,45691.985,45718.245,0.74684423,1
102,1620,45718.775,45748.37,0.8189596,1
102,1621,45748.8,45782.09,0.8775433,1
102,1622,45782.64,45817.28,0.9197016,1
102,1623,45818.04,45852.32,0.9423008,1
102,1624,45852.805,45886.465,0.95325863,1
102,1625,45887.11,45921.05,0.9656042,1
102,1626,45921.635,45954.44,0.96617764,1
102,1627,45955.075,45987.725,0.96431863,1
102,1628,45988.165,46021.625,0.96231383,1
102,1629,46022.24,46054.655,0.96111757,1
102,1630,46055.275,46088.365,0.9643248,1
102,1631,46088.85,46122.745,0.9630851,1
102,1632,46123.41,46157.13,0.9626968,1
102,1633,46157.695,46192.84,0.958986,1
102,1634,46193.31,46225.935,0.94203275,1
102,1635,46226.4,46259.415,0.942432,1
102,1636,46259.86,46292.835,0.93910444,1
102,1637,46293.455,46325.595,0.9461443,1
102,1638,46326.04,46356.205,0.9346409,1
102,1639,46356.75,46384.83,0.8883563,1
102,1640,46385.23,46415.08,0.8763306,1
102,1641,46415.48,46445.865,0.885786,1
102,1642,46446.44,46476.665,0.9052873,1
102,1643,46477.13,46508.325,0.9142245,1
102,1644,46508.825,46541.045,0.923461,1
102,1645,46541.56,46575.935,0.9441959,1
102,1646,46576.745,46611.055,0.9570611,1
102,1647,46611.575,46646.64,0.9623105,1
102,1648,46647.19,46681.88,0.96218115,1
102,1649,46682.35,46718.01,0.9646005,1
102,1650,46718.645,46755.72,0.9623285,1
102,1651,46756.355,46790.63,0.96090555,1
102,1652,46791.395,46827.535,0.96122384,1
102,1653,46827.99,46863.215,0.9600894,1
102,1654,46863.655,46890.44,0.91112137,1
102,1655,46890.84,46917.99,0.8880409,1
102,1656,46918.445,46946.0,0.853184,1
102,1657,46946.59,46974.305,0.81874543,1
102,1658,46974.83,47006.255,0.8488946,1
102,1659,47006.88,47042.21,0.88924897,1
102,1660,47042.735,47076.68,0.93367726,1
102,1661,47077.31,47109.465,0.9298542,1
102,1662,47110.265,47142.455,0.9354166,1
102,1663,47143.055,47177.545,0.95399356,1
102,1664,47178.035,47213.315,0.95626414,1
102,1665,47213.78,47248.84,0.9564041,1
102,1666,47249.545,47283.135,0.9547242,1
102,1667,47283.535,47320.23,0.9594649,1
102,1668,47320.87,47355.51,0.9529912,1
102,1669,47356.0,47390.73,0.95077664,1
102,1670,47391.35,47424.565,0.9556853,1
102,1671,47425.085,47459.24,0.96359694,1
102,1672,47460.17,47494.03,0.96237355,1
102,1673,47494.56,47528.845,0.9531526,1
102,1674,47529.505,47563.22,0.95803946,1
102,1675,47563.77,47598.885,0.95777714,1
102,1676,47599.435,47631.79,0.96027935,1
102,1677,47632.24,47665.79,0.9643304,1
102,1678,47666.76,47699.545,0.9580939,1
102,1679,47700.035,47735.47,0.9609894,1
102,1680,47736.055,47769.125,0.9465582,1
102,1681,47769.615,47803.18,0.94737667,1
102,1682,47803.735,47838.505,0.95004714,1
102,1683,47838.985,47875.335,0.95668715,1
102,1684,47875.945,47914.265,0.96248317,1
102,1685,47914.835,47951.975,0.9396719,1
102,1686,47952.52,47990.11,0.95280087,1
102,1687,47990.565,48025.87,0.95293975,1
102,1688,48026.425,48058.585,0.94439584,1
102,1689,48059.09,48089.895,0.91133684,1
102,1690,48090.545,48126.41,0.92321163,1
102,1691,48126.905,48157.735,0.91933197,1
102,1692,48158.135,48186.875,0.8928317,1
102,1693,48187.32,48214.56,0.8612165,1
102,1694,48215.025,48240.88,0.86078364,1
102,1695,48241.31,48270.64,0.86937493,1
102,1696,48271.38,48302.64,0.8848083,1
102,1697,48303.07,48334.585,0.9111874,1
102,1698,48335.04,48368.14,0.93591297,1
102,1699,48368.83,48408.0,0.9572847,1
102,1700,48408.57,48452.305,0.953151,1
102,1701,48453.15,48495.945,0.96062344,1
102,1702,48496.75,48538.375,0.9687848,1
102,1703,48539.165,48600.935,0.7179455,1
102,1704,48601.545,48664.19,0.09967538,0
102,1705,48665.25,48727.24,0.19496022,0
102,1706,48727.83,48788.55,0.036351535,0
102,1707,48789.57,48849.6,0.012656997,0
102,1708,48850.635,48909.79,0.003915476,0
102,1709,48910.85,48970.605,0.008022487,0
102,1710,48971.68,49031.51,0.013015178,0
102,1711,49032.54,49089.555,0.14555316,0
102,1712,49090.375,49150.485,0.095936485,0
102,1713,49151.615,49213.82,0.013837831,0
102,1714,49214.85,49276.74,0.0042092856,0
102,1715,49277.805,49340.895,0.0018835652,0
102,1716,49342.02,49403.675,0.019516759,0
102,1717,49404.715,49468.545,0.017734032,0
102,1718,49469.615,49526.95,0.01952351,0
102,1719,49528.015,49588.3,0.029405802,0
102,1720,49589.32,49649.435,0.0094354795,0
102,1721,49650.485,49712.68,0.0055637877,0
102,1722,49713.715,49775.395,0.0057573663,0
102,1723,49776.445,49836.935,0.0037856644,0
102,1724,49837.97,49899.065,0.0023983847,0
102,1725,49900.085,49961.64,0.0032991183,0
102,1726,49962.655,50024.02,0.002836913,0
102,1727,50025.07,50085.72,0.0032154864,0
102,1728,50086.69,50147.48,0.005287593,0
102,1729,50148.48,50204.815,0.0009908851,0
102,1730,50205.765,50262.19,0.00062504574,0
102,1731,50263.185,50321.06,0.0006139375,0
102,1732,50322.025,50380.765,0.00043280885,0
102,1733,50381.8,50439.655,0.0017298557,0
102,1734,50440.57,50499.0,0.002045568,0
102,1735,50500.025,50558.615,0.0014185106,0
102,1736,50559.605,50619.055,0.0012059864,0
102,1737,50620.06,50678.35,0.0009636704,0
102,1738,50679.305,50737.145,0.002225637,0
102,1739,50738.14,50796.49,0.0010710706,0
102,1740,50797.47,50855.525,0.002755102,0
102,1741,50856.52,50914.115,0.0025793076,0
102,1742,50915.095,50972.77,0.0017435174,0
102,1743,50973.76,51030.8,0.0009795262,0
102,1744,51031.735,51088.885,0.00080007524,0
102,1745,51089.83,51147.275,0.00078168156,0
102,1746,51148.275,51205.21,0.0031998921,0
102,1747,51206.19,51262.25,0.0050931475,0
102,1748,51263.2,51320.85,0.0022018084,0
102,1749,51321.825,51377.615,0.0014622039,0
102,1750,51378.575,51434.925,0.00089843664,0
102,1751,51435.905,51492.295,0.0009721451,0
102,1752,51493.225,51549.545,0.00083331723,0
102,1753,51550.52,51606.68,0.001575903,0
102,1754,51607.645,51663.575,0.00096228364,0
102,1755,51664.53,51720.73,0.0016115761,0
102,1756,51721.695,51777.185,0.0031370379,0
102,1757,51778.125,51833.19,0.0018016513,0
102,1758,51834.12,51889.025,0.0017232667,0
102,1759,51889.92,51944.655,0.0019077975,0
102,1760,51945.63,52000.795,0.0013365676,0
102,1761,52001.585,52052.89,0.0013417305,0
102,1762,52053.75,52107.31,0.0014029319,0
102,1763,52108.23,52160.04,0.0012528487,0
102,1764,52160.945,52213.3,0.00085675006,0
102,1765,52214.17,52266.385,0.0015094561,0
102,1766,52267.27,52318.19,0.0005843379,0
102,1767,52319.115,52372.23,0.0003537378,0
102,1768,52373.08,52425.27,0.0015932681,0
102,1769,52426.145,52478.045,0.00087147317,0
102,1770,52478.925,52531.92,0.0007767892,0
102,1771,52532.79,52585.345,0.00047318856,0
102,1772,52586.245,52638.255,0.00033921062,0
102,1773,52639.105,52691.73,0.00058796373,0
102,1774,52692.575,52745.24,0.0007430239,0
102,1775,52746.03,52798.4,0.0005617384,0
102,1776,52799.325,52851.725,0.0007863456,0
102,1777,52852.675,52905.625,0.00062828325,0
102,1778,52906.5,52958.8,0.00065691763,0
102,1779,52959.77,53012.88,0.00058300537,0
102,1780,53013.765,53065.935,0.0005261698,0
102,1781,53066.8,53119.175,0.0009586005,0
102,1782,53120.11,53171.175,0.0007114907,0
102,1783,53172.12,53221.35,0.0004978554,0
102,1784,53222.245,53274.11,0.0013413561,0
102,1785,53274.975,53326.385,0.00052370183,0
102,1786,53327.245,53380.055,0.0005652509,0
102,1787,53381.005,53439.165,0.00095437607,0
102,1788,53440.135,53500.26,0.004024301,0
102,1789,53501.305,53561.905,0.0013966132,0
102,1790,53563.01,53621.74,0.00253043,0
102,1791,53622.75,53683.345,0.0014173945,0
102,1792,53684.39,53740.785,0.00070798234,0
102,1793,53741.625,53803.145,0.0009908741,0
102,1794,53804.12,53861.965,0.0009197819,0
102,1795,53863.055,53922.465,0.0016663744,0
102,1796,53923.52,53985.145,0.0010865245,0
102,1797,53986.185,54041.42,0.0006060656,0
102,1798,54042.27,54102.855,0.0007436575,0
102,1799,54103.78,54160.805,0.0005965346,0
102,1800,54161.665,54222.56,0.00086140656,0
102,1801,54223.595,54280.23,0.0010552865,0
102,1802,54281.235,54339.21,0.00068441266,0
102,1803,54340.16,54394.56,0.0011031548,0
102,1804,54395.49,54454.405,0.0018482537,0
102,1805,54455.385,54514.165,0.0017924239,0
102,1806,54515.08,54567.885,0.0022882146,0
102,1807,54568.8,54624.43,0.0025709586,0
102,1808,54625.415,54682.04,0.0021244294,0
102,1809,54683.03,54738.45,0.0028298765,0
102,1810,54739.265,54794.07,0.0023934646,0
102,1811,54795.055,54850.85,0.0017426958,0
102,1812,54851.935,54910.515,0.0007714821,0
102,1813,54911.405,54970.495,0.00081929564,0
102,1814,54971.48,55030.385,0.00079238816,0
102,1815,55031.37,55089.4,0.0007111998,0
102,1816,55090.4,55149.525,0.000970418,0
102,1817,55150.53,55209.565,0.0012565013,0
102,1818,55210.545,55269.95,0.0009285247,0
102,1819,55270.95,55328.685,0.0006546748,0
102,1820,55329.695,55387.665,0.0012187103,0
102,1821,55388.68,55447.6,0.0016084466,0
102,1822,55448.625,55507.94,0.00081305904,0
102,1823,55508.95,55568.825,0.0005956849,0
102,1824,55569.86,55629.575,0.00076609425,0
102,1825,55630.605,55691.155,0.00065855996,0
102,1826,55692.165,55751.8,0.0018031304,0
102,1827,55752.825,55812.385,0.0015721899,0
102,1828,55813.395,55872.935,0.0007325334,0
102,1829,55873.945,55933.485,0.0008852295,0
102,1830,55934.495,55993.455,0.0012773984,0
102,1831,55994.44,56053.32,0.00060913136,0
102,1832,56054.34,56113.15,0.0010842057,0
102,1833,56114.165,56173.345,0.0008696918,0
102,1834,56174.315,56232.71,0.000803324,0
102,1835,56233.725,56292.105,0.0010547879,0
102,1836,56293.08,56351.37,0.0010915166,0
102,1837,56352.375,56410.64,0.0013483855,0
102,1838,56411.635,56470.065,0.0009845172,0
102,1839,56471.05,56528.93,0.0007947406,0
102,1840,56529.92,56588.44,0.004776208,0
102,1841,56589.44,56647.15,0.004295589,0
102,1842,56648.135,56705.375,0.0019077983,0
102,1843,56706.275,56759.815,0.0008696872,0
102,1844,56760.705,56814.355,0.0005125969,0
102,1845,56815.305,56870.425,0.0003962372,0
102,1846,56871.415,56929.18,0.0011049708,0
102,1847,56930.145,56983.175,0.0007720327,0
102,1848,56984.155,57038.88,0.0007698654,0
102,1849,57039.85,57094.67,0.0006083655,0
102,1850,57095.545,57150.015,0.0012426801,0
102,1851,57150.99,57208.825,0.00089996465,0
102,1852,57209.785,57267.76,0.00089416694,0
102,1853,57268.76,57326.8,0.019789224,0
102,1854,57327.78,57385.865,0.006626699,0
102,1855,57386.73,57445.345,0.004204639,0
102,1856,57446.325,57504.95,0.0032467104,0
102,1857,57505.96,57564.185,0.009109001,0
102,1858,57565.18,57623.68,0.0057376735,0
102,1859,57624.245,57683.29,0.0021062796,0
102,1860,57684.175,57743.105,0.001982335,0
102,1861,57744.105,57803.215,0.0026874002,0
102,1862,57804.16,57862.715,0.0039317193,0
102,1863,57863.73,57922.535,0.0065109315,0
102,1864,57923.535,57982.635,0.0029605282,0
102,1865,57983.64,58042.06,0.0013625188,0
102,1866,58043.075,58103.24,0.0012082056,0
102,1867,58104.32,58160.785,0.00059903413,0
102,1868,58161.875,58219.35,0.0008132666,0
102,1869,58220.215,58277.77,0.0013066704,0
102,1870,58278.7,58329.52,0.00067736075,0
102,1871,58330.545,58388.795,0.0013924675,0
102,1872,58389.775,58445.86,0.0011267317,0
102,1873,58446.645,58501.825,0.009229498,0
102,1874,58502.9,58555.12,0.012890096,0
102,1875,58555.99,58612.11,0.00365746,0
102,1876,58613.05,58665.455,0.0012742176,0
102,1877,58666.475,58725.01,0.0038375768,0
102,1878,58725.9,58784.46,0.005032744,0
102,1879,58785.465,58846.36,0.0062391483,0
102,1880,58847.36,58900.145,0.006208461,0
102,1881,58901.065,58956.735,0.0024673631,0
102,1882,58957.755,59018.55,0.0021256388,0
102,1883,59019.64,59077.195,0.0013465193,0
102,1884,59078.56,59138.99,0.0032014013,0
102,1885,59140.03,59199.645,0.0012853942,0
102,1886,59200.69,59259.545,0.007879122,0
102,1887,59260.55,59321.12,0.0036059516,0
102,1888,59322.0,59378.66,0.0070038284,0
102,1889,59379.695,59436.23,0.004558796,0
102,1890,59437.13,59496.865,0.0011506102,0
102,1891,59497.935,59555.685,0.002728903,0
102,1892,59556.495,59612.5,0.0061983513,0
102,1893,59613.5,59672.31,0.0062781675,0
102,1894,59673.315,59734.35,0.010607327,0
102,1895,59735.39,59791.72,0.0049212775,0
102,1896,59792.655,59852.45,0.0021235452,0
102,1897,59853.375,59913.04,0.010347804,0
102,1898,59914.04,59972.56,0.003952339,0
102,1899,59973.635,60032.93,0.003923254,0
102,1900,60033.97,60093.24,0.00516261,0
102,1901,60094.08,60152.985,0.0078040725,0
102,1902,60154.0,60213.725,0.0072553144,0
102,1903,60214.735,60261.88,0.0011740989,0
102,1904,60262.77,60318.715,0.00334254,0
102,1905,60319.735,60377.125,0.0016891066,0
102,1906,60378.2,60436.2,0.0031453825,0
102,1907,60437.175,60490.945,0.0018189638,0
102,1908,60491.86,60548.8,0.0008993908,0
102,1909,60549.8,60606.86,0.001536905,0
102,1910,60607.84,60664.71,0.003885999,0
102,1911,60665.56,60717.84,0.0017233824,0
102,1912,60718.76,60777.945,0.0039051257,0
102,1913,60778.815,60830.48,0.0021400303,0
102,1914,60831.46,60885.37,0.00069311814,0
102,1915,60886.425,60945.845,0.0013262458,0
102,1916,60946.83,61001.925,0.0010334532,0
102,1917,61002.735,61057.895,0.0020637428,0
102,1918,61058.77,61111.135,0.0011744496,0
102,1919,61112.195,61168.96,0.004935322,0
102,1920,61169.765,61223.64,0.0008479539,0
102,1921,61224.495,61281.27,0.00040728747,0
102,1922,61282.27,61336.365,0.00065682596,0
102,1923,61337.375,61390.99,0.00029387366,0
102,1924,61391.95,61447.34,0.0003018021,0
102,1925,61448.14,61504.625,0.0016193975,0
102,1926,61505.575,61559.76,0.00056391314,0
102,1927,61560.865,61619.15,0.0017622681,0
102,1928,61620.205,61679.735,0.0036877757,0
102,1929,61680.655,61740.59,0.0017585878,0
102,1930,61741.6,61798.2,0.0008827102,0
102,1931,61799.19,61856.84,0.0005066079,0
102,1932,61857.805,61914.705,0.00057964295,0
102,1933,61915.715,61973.66,0.00071850343,0
102,1934,61974.635,62031.52,0.0005173161,0
102,1935,62032.46,62091.815,0.00040440052,0
102,1936,62092.78,62149.6,0.00040801067,0
102,1937,62150.505,62208.715,0.0017819064,0
102,1938,62209.685,62266.065,0.0009644121,0
102,1939,62266.97,62325.68,0.00067105744,0
102,1940,62326.65,62383.305,0.00047767922,0
102,1941,62384.355,62442.585,0.00025771093,0
102,1942,62443.53,62499.79,0.00045031047,0
102,1943,62500.72,62557.225,0.00053211313,0
102,1944,62558.095,62614.45,0.0006946768,0
102,1945,62615.29,62671.575,0.0004628387,0
102,1946,62672.6,62728.065,0.00020226999,0
102,1947,62729.005,62784.48,0.0004071613,0
102,1948,62785.435,62840.695,0.00041037492,0
102,1949,62841.715,62897.07,0.00035354155,0
102,1950,62897.915,62954.4,0.0002340633,0
102,1951,62955.315,63010.79,0.00021586502,0
102,1952,63011.765,63067.395,0.00032737482,0
102,1953,63068.255,63123.71,0.0004728684,0
102,1954,63124.69,63182.535,0.0018119602,0
102,1955,63183.43,63237.885,0.000843193,0
102,1956,63238.835,63294.16,0.00052998366,0
102,1957,63295.105,63349.64,0.00063819526,0
102,1958,63350.61,63405.29,0.0011519109,0
102,1959,63406.285,63460.57,0.00065083546,0
102,1960,63461.505,63516.83,0.00039718853,0
102,1961,63517.685,63572.685,0.0005352418,0
102,1962,63573.59,63628.31,0.00044860758,0
102,1963,63629.32,63683.21,0.0003670004,0
102,1964,63684.2,63742.01,0.0006086212,0
102,1965,63742.895,63800.075,0.0010732322,0
102,1966,63800.935,63854.855,0.0022310556,0
102,1967,63855.8,63908.35,0.0006762101,0
102,1968,63909.24,63963.91,0.00046498855,0
102,1969,63964.87,64016.98,0.000294345,0
102,1970,64018.01,64072.65,0.00034211253,0
102,1971,64073.48,64124.26,0.00067917525,0
102,1972,64125.11,64176.22,0.0009061521,0
102,1973,64177.08,64229.67,0.00044530458,0
102,1974,64230.505,64285.275,0.0031136158,0
102,1975,64286.17,64341.105,0.0023374232,0
102,1976,64341.91,64396.785,0.0049973833,0
102,1977,64397.77,64452.83,0.0025799298,0
102,1978,64453.635,64503.98,0.0019490329,0
102,1979,64504.83,64553.665,0.0011874733,0
102,1980,64554.615,64611.73,0.004915373,0
102,1981,64612.695,64664.825,0.0019256464,0
102,1982,64665.82,64718.49,0.00066758704,0
102,1983,64719.16,64766.645,0.007966727,0
102,1984,64767.48,64818.27,0.0018001427,0
102,1985,64819.05,64870.975,0.0028924209,0
102,1986,64871.945,64923.135,0.0014125152,0
102,1987,64923.965,64972.94,0.001056567,0
102,1988,64973.795,65024.745,0.0007957433,0
102,1989,65025.535,65075.73,0.0005375612,0
102,1990,65076.62,65128.47,0.0006993765,0
102,1991,65129.375,65180.17,0.0011294871,0
102,1992,65181.025,65231.375,0.00091290596,0
102,1993,65232.255,65283.59,0.0005396028,0
102,1994,65284.415,65336.99,0.0028303622,0
102,1995,65337.88,65388.48,0.0008965246,0
102,1996,65389.455,65440.12,0.00039886488,0
102,1997,65440.975,65493.87,0.00025784268,0
102,1998,65494.75,65541.96,0.00028344957,0
102,1999,65542.775,65593.225,0.0004202494,0
102,2000,65594.185,65642.395,0.00028043494,0
102,2001,65643.305,65692.72,0.0015778294,0
102,2002,65693.49,65744.335,0.0010363231,0
102,2003,65745.155,65793.13,0.0007303255,0
102,2004,65793.985,65845.56,0.00048508972,0
102,2005,65846.45,65896.05,0.00042884896,0
102,2006,65896.92,65946.57,0.00080169505,0
102,2007,65947.35,66000.735,0.00075320783,0
102,2008,66001.59,66050.68,0.00054886175,0
102,2009,66051.515,66101.34,0.000631708,0
102,2010,66102.215,66151.79,0.001566043,0
102,2011,66152.63,66202.315,0.0014602108,0
102,2012,66203.12,66251.9,0.0015649498,0
102,2013,66252.75,66301.895,0.0012411564,0
102,2014,66302.745,66352.78,0.0009968025,0
102,2015,66353.64,66403.535,0.0006145086,0
102,2016,66404.355,66454.295,0.00062907924,0
102,2017,66455.14,66505.085,0.000710882,0
102,2018,66505.935,66556.375,0.0007334691,0
102,2019,66557.21,66606.39,0.0005932771,0
102,2020,66607.31,66657.11,0.00061248016,0
102,2021,66657.935,66706.935,0.001051125,0
102,2022,66707.785,66757.615,0.00097377616,0
102,2023,66758.56,66807.42,0.00085172296,0
102,2024,66808.26,66857.385,0.004680432,0
102,2025,66858.215,66907.125,0.0022882072,0
102,2026,66907.95,66957.945,0.0020315873,0
102,2027,66958.785,67008.41,0.0010911084,0
102,2028,67009.26,67058.71,0.00072925974,0
102,2029,67059.575,67109.3,0.00070346415,0
102,2030,67110.115,67158.93,0.0008410541,0
102,2031,67160.025,67209.435,0.00066362077,0
102,2032,67210.26,67260.23,0.0005074409,0
102,2033,67261.055,67310.295,0.00048669823,0
102,2034,67311.165,67359.27,0.00053092616,0
102,2035,67360.005,67410.52,0.0015814134,0
102,2036,67411.29,67459.295,0.0009886689,0
102,2037,67460.135,67508.18,0.0039333035,0
102,2038,67509.12,67557.82,0.0008322527,0
102,2039,67558.62,67607.43,0.0030790973,0
102,2040,67608.2,67657.44,0.0008440221,0
102,2041,67658.235,67706.795,0.0036028672,0
102,2042,67707.645,67756.495,0.0010396324,0
102,2043,67757.305,67805.535,0.0033531014,0
102,2044,67806.39,67854.67,0.0010803662,0
102,2045,67855.545,67904.2,0.0009872717,0
102,2046,67905.005,67953.775,0.0008036264,0
102,2047,67954.62,68002.55,0.0017631893,0
102,2048,68003.39,68047.96,0.00050122465,0
102,2049,68048.68,68094.825,0.001523634,0
102,2050,68095.585,68144.715,0.0024211546,0
102,2051,68145.535,68193.07,0.0036038994,0
102,2052,68193.89,68243.39,0.0014694906,0
102,2053,68244.235,68293.48,0.00072213274,0
102,2054,68294.32,68345.76,0.00093762815,0
102,2055,68346.615,68395.95,0.0006920884,0
102,2056,68396.89,68447.44,0.0002892265,0
102,2057,68448.26,68499.725,0.00041943675,0
102,2058,68500.525,68547.995,0.0015794911,0
102,2059,68548.83,68599.67,0.0018496386,0
102,2060,68600.5,68649.965,0.0010660066,0
102,2061,68650.83,68703.23,0.00039604306,0
102,2062,68704.075,68758.59,0.0006904592,0
102,2063,68759.55,68818.69,0.0049372003,0
102,2064,68819.745,68873.615,0.0020558764,0
102,2065,68874.495,68927.865,0.0016197992,0
102,2066,68928.695,68979.315,0.0010416027,0
102,2067,68980.04,69032.415,0.0037821399,0
102,2068,69033.455,69088.745,0.0050578723,0
102,2069,69089.75,69145.18,0.0022759573,0
102,2070,69146.105,69204.065,0.0011232108,0
102,2071,69205.03,69252.695,0.00072763744,0
102,2072,69253.45,69302.4,0.00092607463,0
102,2073,69303.3,69353.31,0.0006553993,0
102,2074,69354.115,69398.895,0.0003942515,0
102,2075,69399.735,69451.945,0.001190504,0
102,2076,69452.91,69503.585,0.00042190656,0
102,2077,69504.445,69560.4,0.0015507237,0
102,2078,69561.44,69617.74,0.0021203978,0
102,2079,69618.685,69675.785,0.0066469917,0
102,2080,69676.735,69732.745,0.00544007,0
102,2081,69733.74,69790.715,0.0020913612,0
102,2082,69791.685,69847.76,0.0020537495,0
102,2083,69848.705,69905.735,0.0036293368,0
102,2084,69906.715,69962.755,0.0015757356,0
102,2085,69963.775,70020.54,0.0014377183,0
102,2086,70021.495,70078.895,0.0038096446,0
102,2087,70079.88,70136.815,0.0049167406,0
102,2088,70137.775,70195.615,0.0058784373,0
102,2089,70196.605,70251.99,0.0011691422,0
102,2090,70252.81,70308.575,0.00081644097,0
102,2091,70309.53,70366.975,0.0030557825,0
102,2092,70367.95,70424.56,0.002325394,0
102,2093,70425.535,70482.585,0.001551836,0
102,2094,70483.455,70535.175,0.003351226,0
102,2095,70535.945,70590.275,0.009013782,0
102,2096,70591.175,70648.26,0.004613026,0
102,2097,70649.225,70707.415,0.0033461286,0
102,2098,70708.43,70766.625,0.0027171813,0
102,2099,70767.615,70826.06,0.0031863132,0
102,2100,70827.04,70884.445,0.0015533802,0
102,2101,70885.405,70944.425,0.0016358233,0
102,2102,70945.415,71003.28,0.0047399825,0
102,2103,71004.27,71063.215,0.007934018,0
102,2104,71064.215,71122.68,0.005177804,0
102,2105,71123.65,71182.335,0.0074723824,0
102,2106,71183.335,71242.12,0.013527312,0
102,2107,71243.11,71301.24,0.006508385,0
102,2108,71302.225,71361.16,0.0036793565,0
102,2109,71362.16,71420.115,0.0029160453,0
102,2110,71421.08,71479.44,0.004631997,0
102,2111,71480.43,71539.315,0.003269253,0
102,2112,71540.33,71599.09,0.0024132389,0
102,2113,71599.97,71659.055,0.0017196662,0
102,2114,71660.07,71719.07,0.0010699598,0
102,2115,71720.055,71778.345,0.001016734,0
102,2116,71779.355,71837.49,0.0073490962,0
102,2117,71838.465,71896.92,0.0036056838,0
102,2118,71897.88,71956.6,0.0014311076,0
102,2119,71957.6,72016.82,0.0018298336,0
102,2120,72017.82,72075.56,0.001063131,0
102,2121,72076.54,72134.665,0.0024101438,0
102,2122,72135.645,72193.055,0.0027191953,0
102,2123,72194.055,72252.08,0.0010394392,0
102,2124,72253.07,72311.625,0.0013736666,0
102,2125,72312.59,72369.895,0.0029274682,0
102,2126,72370.88,72427.995,0.0069387,0
102,2127,72428.98,72485.525,0.0028495262,0
102,2128,72486.5,72543.745,0.00094255357,0
102,2129,72544.7,72601.535,0.0005700081,0
102,2130,72602.47,72660.09,0.0035030707,0
102,2131,72661.05,72715.195,0.0030879977,0
102,2132,72716.055,72767.905,0.001359564,0
102,2133,72768.71,72823.36,0.0038311314,0
102,2134,72824.255,72876.705,0.0016003456,0
102,2135,72877.615,72929.865,0.0014675809,0
102,2136,72930.755,72987.08,0.0012927308,0
102,2137,72988.03,73042.8,0.0014913732,0
102,2138,73044.15,73100.72,0.0018819907,0
102,2139,73101.695,73157.67,0.0012277769,0
102,2140,73158.615,73215.535,0.0071889535,0
102,2141,73216.495,73271.375,0.004802106,0
102,2142,73272.29,73329.19,0.0071207243,0
102,2143,73330.15,73385.99,0.005358925,0
102,2144,73386.915,73443.89,0.003417851,0
102,2145,73444.865,73501.09,0.0016452451,0
102,2146,73502.025,73556.8,0.0014723438,0
102,2147,73557.745,73616.265,0.0027380523,0
102,2148,73617.295,73670.11,0.0038710271,0
102,2149,73670.78,73716.11,0.022578817,0
102,2150,73717.055,73771.38,0.0049076504,0
102,2151,73772.25,73821.015,0.002319322,0
102,2152,73821.91,73875.92,0.001194152,0
102,2153,73876.935,73932.125,0.0020264355,0
102,2154,73933.055,73988.74,0.00057926134,0
102,2155,73989.69,74038.99,0.0017402596,0
102,2156,74039.83,74091.2,0.002329094,0
102,2157,74092.085,74139.495,0.00076160993,0
102,2158,74140.16,74180.01,0.0024664612,0
102,2159,74180.69,74223.73,0.0018972504,0
102,2160,74224.475,74269.05,0.0020835705,0
102,2161,74269.815,74316.57,0.0014876719,0
102,2162,74317.375,74365.01,0.0013675244,0
102,2163,74365.79,74412.81,0.00093281514,0
102,2164,74413.465,74453.395,0.0021488327,0
102,2165,74454.07,74497.72,0.006922669,0
102,2166,74498.48,74541.24,0.0032153365,0
102,2167,74541.935,74582.36,0.0029627276,0
102,2168,74583.055,74623.56,0.0024342062,0
102,2169,74624.245,74664.91,0.00292017,0
102,2170,74665.645,74713.44,0.0053272885,0
102,2171,74714.245,74762.665,0.016556166,0
102,2172,74763.21,74809.16,0.019937523,0
102,2173,74809.685,74856.16,0.012519789,0
102,2174,74856.94,74904.295,0.0034905954,0
102,2175,74905.1,74952.76,0.0013273628,0
102,2176,74953.57,75003.065,0.0010773081,0
102,2177,75003.935,75053.4,0.0011640821,0
102,2178,75054.245,75102.885,0.0010371292,0
102,2179,75103.695,75149.505,0.0056659635,0
102,2180,75150.31,75196.68,0.012328695,0
102,2181,75197.45,75247.05,0.0026758867,0
102,2182,75247.935,75300.195,0.0039113853,0
102,2183,75300.99,75346.96,0.0072467504,0
102,2184,75347.72,75394.215,0.0054674493,0
102,2185,75395.0,75442.495,0.005967262,0
102,2186,75443.475,75490.905,0.005261815,0
102,2187,75491.695,75538.71,0.0026097938,0
102,2188,75539.66,75586.825,0.0044094454,0
102,2189,75587.64,75636.005,0.0019011789,0
102,2190,75636.91,75688.91,0.001700376,0
102,2191,75689.83,75736.08,0.00362055,0
102,2192,75736.86,75784.05,0.0090793595,0
102,2193,75784.82,75837.605,0.018777484,0
102,2194,75838.585,75892.0,0.0073298947,0
102,2195,75892.78,75938.72,0.006901874,0
102,2196,75939.61,75989.075,0.0037606535,0
102,2197,75989.85,76037.155,0.0296414,0
102,2198,76037.92,76087.635,0.016383626,0
102,2199,76088.505,76136.32,0.0065814927,0
102,2200,76137.08,76183.35,0.022346206,0
102,2201,76184.125,76231.495,0.015822819,0
102,2202,76232.3,76280.76,0.008985484,0
102,2203,76281.625,76329.145,0.007264387,0
102,2204,76329.91,76379.0,0.0037935292,0
102,2205,76379.89,76431.265,0.0019543516,0
102,2206,76432.215,76484.535,0.0015719173,0
102,2207,76485.255,76532.6,0.0071548647,0
102,2208,76533.565,76588.445,0.004874654,0
102,2209,76589.38,76643.45,0.0038475918,0
102,2210,76644.35,76694.44,0.0021227782,0
102,2211,76695.24,76742.16,0.0146898925,0
102,2212,76742.985,76788.515,0.007068506,0
102,2213,76789.045,76834.185,0.009289751,0
102,2214,76834.925,76879.255,0.011195892,0
102,2215,76880.06,76925.28,0.0074540577,0
102,2216,76926.265,76971.095,0.0017330428,0
102,2217,76971.86,77022.93,0.0007940458,0
102,2218,77023.71,77075.085,0.0024813558,0
102,2219,77075.96,77125.06,0.0013459835,0
102,2220,77125.965,77172.45,0.0063379486,0
102,2221,77173.36,77219.505,0.010890101,0
102,2222,77220.26,77269.21,0.0042880983,0
102,2223,77270.09,77317.15,0.0023297255,0
102,2224,77318.09,77366.025,0.002596822,0
102,2225,77366.775,77413.81,0.0031800598,0
102,2226,77414.52,77461.58,0.0044748923,0
102,2227,77462.5,77514.4,0.0031311337,0
102,2228,77515.215,77567.41,0.0028168086,0
102,2229,77568.3,77617.4,0.0030556095,0
102,2230,77618.175,77666.455,0.01100965,0
102,2231,77667.32,77716.205,0.00403695,0
102,2232,77717.14,77765.11,0.0028306905,0
102,2233,77765.67,77806.895,0.0024717741,0
102,2234,77807.575,77847.88,0.0014086014,0
102,2235,77848.575,77888.545,0.0012360004,0
102,2236,77889.24,77932.12,0.0024557365,0
102,2237,77932.825,77974.205,0.002202743,0
102,2238,77974.91,78017.085,0.0021186008,0
102,2239,78017.85,78060.68,0.0029427023,0
102,2240,78061.365,78103.49,0.0033201675,0
102,2241,78104.225,78151.76,0.0024927706,0
102,2242,78152.535,78195.165,0.0012784987,0
102,2243,78195.9,78242.145,0.0042465082,0
102,2244,78242.975,78295.36,0.0021304302,0
102,2245,78296.245,78343.4,0.003565015,0
102,2246,78344.2,78386.665,0.001701166,0
102,2247,78387.335,78428.615,0.0043978216,0
102,2248,78429.35,78473.14,0.009953071,0
102,2249,78473.905,78518.045,0.0020212326,0
102,2250,78518.775,78559.76,0.001599596,0
102,2251,78560.495,78603.18,0.00086708576,0
102,2252,78603.895,78649.79,0.0010278608,0
102,2253,78650.665,78699.935,0.0010333748,0
102,2254,78700.64,78742.775,0.0049820286,0
102,2255,78743.285,78786.065,0.007870546,0
102,2256,78786.885,78830.43,0.006041738,0
102,2257,78831.145,78874.87,0.008554237,0
102,2258,78875.63,78918.435,0.010379959,0
102,2259,78919.145,78959.985,0.00813855,0
102,2260,78960.68,79001.175,0.0052689933,0
102,2261,79001.85,79041.745,0.0029574193,0
102,2262,79042.41,79084.08,0.002259673,0
102,2263,79084.795,79129.665,0.002563118,0
102,2264,79130.425,79177.35,0.010230195,0
102,2265,79178.13,79225.38,0.017972082,0
102,2266,79226.285,79278.79,0.0060687554,0
102,2267,79279.695,79331.68,0.006975819,0
102,2268,79332.495,79384.655,0.050025344,0
102,2269,79385.48,79437.96,0.046225823,0
102,2270,79438.905,79490.475,0.033947937,0
102,2271,79491.425,79543.975,0.01888591,0
102,2272,79544.895,79598.205,0.008654825,0
102,2273,79599.12,79651.825,0.0037780062,0
102,2274,79652.72,79705.95,0.0024954847,0
102,2275,79706.825,79753.095,0.0070255045,0
102,2276,79753.785,79797.16,0.009709,0
102,2277,79797.95,79842.31,0.0077138357,0
102,2278,79843.05,79885.255,0.023976782,0
102,2279,79885.92,79926.585,0.010569491,0
102,2280,79927.28,79967.67,0.0029019087,0
102,2281,79968.495,80009.63,0.0075237863,0
102,2282,80010.335,80055.94,0.009104294,0
102,2283,80056.715,80102.92,0.0075368015,0
102,2284,80103.705,80152.895,0.003415175,0
102,2285,80153.735,80200.16,0.0011530926,0
102,2286,80200.91,80249.81,0.00783115,0
102,2287,80250.705,80301.81,0.0035903703,0
102,2288,80302.67,80348.92,0.0022393228,0
102,2289,80349.635,80391.525,0.008416602,0
102,2290,80392.23,80432.24,0.0072616744,0
102,2291,80432.935,80477.175,0.008705218,0
102,2292,80477.855,80518.935,0.002818182,0
102,2293,80519.62,80562.71,0.0047936677,0
102,2294,80563.43,80605.735,0.0021964107,0
102,2295,80606.46,80652.93,0.0030801352,0
102,2296,80653.785,80707.055,0.0012807169,0
102,2297,80707.98,80762.335,0.001962176,0
102,2298,80763.24,80816.9,0.0007408338,0
102,2299,80817.785,80871.84,0.0016724804,0
102,2300,80872.775,80928.09,0.004936718,0
102,2301,80929.04,80984.445,0.006674344,0
102,2302,80985.385,81040.835,0.0090605635,0
102,2303,81041.78,81096.45,0.0052988906,0
102,2304,81097.4,81151.9,0.0047356295,0
102,2305,81152.83,81208.015,0.0038052716,0
102,2306,81208.945,81265.52,0.0069281287,0
102,2307,81266.45,81322.615,0.00185954,0
102,2308,81323.57,81379.965,0.0014043434,0
102,2309,81380.93,81437.155,0.005147339,0
102,2310,81438.135,81493.785,0.0036742054,0
102,2311,81494.63,81551.12,0.004458631,0
102,2312,81552.095,81609.37,0.0021993439,0
102,2313,81610.325,81667.615,0.0056761536,0
102,2314,81668.59,81725.065,0.009638644,0
102,2315,81726.025,81781.905,0.004283229,0
102,2316,81782.855,81839.12,0.008199772,0
102,2317,81840.065,81896.79,0.0015477955,0
102,2318,81897.775,81954.445,0.0046379305,0
102,2319,81955.4,82012.365,0.004024626,0
102,2320,82013.335,82063.105,0.0020748354,0
102,2321,82063.855,82110.72,0.002267196,0
102,2322,82111.525,82159.505,0.0010382581,0
102,2323,82160.37,82203.93,0.0009837123,0
102,2324,82204.655,82246.825,0.0040413276,0
102,2325,82247.6,82298.11,0.0017241053,0
102,2326,82298.935,82344.345,0.007428218,0
102,2327,82345.105,82393.61,0.002637682,0
102,2328,82394.455,82447.495,0.002023895,0
102,2329,82448.365,82502.92,0.0019330436,0
102,2330,82503.855,82559.04,0.0019851536,0
102,2331,82559.985,82616.4,0.0017549344,0
102,2332,82617.345,82672.595,0.005056447,0
102,2333,82673.55,82728.925,0.005243446,0
102,2334,82729.91,82787.73,0.0029844432,0
102,2335,82788.695,82846.45,0.0027288976,0
102,2336,82847.445,82905.52,0.004607247,0
102,2337,82906.5,82965.465,0.0026628205,0
102,2338,82966.44,83023.96,0.0022913704,0
102,2339,83024.93,83080.48,0.0018042242,0
102,2340,83081.44,83138.24,0.0026684715,0
102,2341,83139.21,83196.065,0.0026070373,0
102,2342,83197.06,83254.36,0.008763078,0
102,2343,83255.32,83311.84,0.005652209,0
102,2344,83312.675,83368.815,0.01349672,0
102,2345,83369.765,83425.32,0.004131907,0
102,2346,83426.265,83474.13,0.0013980251,0
102,2347,83474.885,83519.05,0.006051017,0
102,2348,83519.755,83564.09,0.0063215257,0
102,2349,83564.82,83607.975,0.006838085,0
102,2350,83608.705,83653.665,0.0035395892,0
102,2351,83654.49,83697.615,0.0015260618,0
102,2352,83698.375,83741.38,0.0011703015,0
102,2353,83742.07,83784.395,0.0056995745,0
102,2354,83785.15,83829.03,0.003462433,0
102,2355,83829.8,83873.545,0.0033880973,0
102,2356,83874.295,83923.76,0.0025144997,0
102,2357,83924.61,83977.91,0.0037439635,0
102,2358,83978.83,84032.565,0.004989755,0
102,2359,84033.485,84088.815,0.0061885924,0
102,2360,84089.745,84145.285,0.0064517697,0
102,2361,84146.23,84201.98,0.010984431,0
102,2362,84202.925,84258.765,0.00441288,0
102,2363,84259.725,84315.235,0.0036098666,0
102,2364,84316.17,84370.765,0.0030784355,0
102,2365,84371.69,84426.435,0.0031247921,0
102,2366,84427.38,84482.82,0.003159288,0
102,2367,84483.775,84539.465,0.009609702,0
102,2368,84540.4,84596.05,0.0036242122,0
102,2369,84596.975,84652.615,0.0073016547,0
102,2370,84653.56,84709.37,0.0073059555,0
102,2371,84710.3,84766.095,0.00997236,0
102,2372,84767.04,84822.815,0.0077683534,0
102,2373,84823.775,84879.545,0.0065120705,0
102,2374,84880.5,84936.505,0.014126564,0
102,2375,84937.455,84992.41,0.0072216447,0
102,2376,84993.355,85049.475,0.00354724,0
102,2377,85050.425,85105.135,0.0020305552,0
102,2378,85106.085,85161.355,0.0034200146,0
102,2379,85162.29,85217.855,0.0045189513,0
102,2380,85218.805,85274.08,0.0066332314,0
102,2381,85275.025,85331.185,0.0052655856,0
102,2382,85332.14,85387.29,0.0013279504,0
102,2383,85388.245,85442.995,0.0017708695,0
102,2384,85443.93,85499.575,0.0011025602,0
102,2385,85500.52,85555.615,0.003818457,0
102,2386,85556.525,85611.75,0.010242045,0
102,2387,85612.695,85667.015,0.0038760353,0
102,2388,85667.945,85722.885,0.0014975544,0
102,2389,85723.815,85777.64,0.0036446187,0
102,2390,85778.56,85833.135,0.0055066147,0
102,2391,85834.05,85888.695,0.008754172,0
102,2392,85889.63,85943.93,0.0025455893,0
102,2393,85944.81,85999.3,0.007370841,0
102,2394,86000.23,86052.04,0.0024234522,0
102,2395,86052.76,86094.575,0.0013964789,0
